Group_ID,Site,Text,URL
1,amazon,Kids' Clothing,http://www.amazon.com/Kids-Baby-Clothing/b/ref=sd_allcat_kba12/185-2659415-1292738?ie=UTF8&node=1040662
1,amazon,Baby Clothing,http://www.amazon.com/l/2402554011/ref=sd_allcat_bc/185-2659415-1292738
1,amazon,Clothing,http://www.amazon.com/clothing-accessories-men-women-kids/b/ref=sd_allcat_apr/185-2659415-1292738?ie=UTF8&node=1036592
1,amazon,Athletic & Outdoor Clothing,http://www.amazon.com/Apparel/b/ref=sd_allcat_athcloth/185-2659415-1292738?ie=UTF8&node=2206626011
1,overstock,Clothing & Shoes,http://www.overstock.com/Clothing-Shoes/7/store.html
1,amazon,Outdoor Recreation,http://www.amazon.com/Outdoor-Recreation/b/ref=sd_allcat_outrec/185-2659415-1292738?ie=UTF8&node=706814011
1,amazon,All Sports & Outdoors,http://www.amazon.com/sporting-goods-clothing-cycling-exercise/b/ref=sd_allcat_sg/185-2659415-1292738?ie=UTF8&node=3375251
1,walmart,"Sports, Fitness & Outdoors",http://www.walmart.com/cp/sports-outdoors/4125?povid=cat121828-env999999-moduleA072012-lLinkGNAV5_SportsFitnessOutdoors
1,wayfair,Outdoor,http://www.wayfair.com/Outdoor-C32334.html
2,amazon,Exercise & Fitness,http://www.amazon.com/Exercise-Fitness-Sports-Outdoors/b/ref=sd_allcat_ef/185-2659415-1292738?ie=UTF8&node=3407731
2,bestbuy,"Health, Fitness & Sports",http://www.bestbuy.com/site/Electronics/Health-Fitness/pcmcat242800050021.c?id=pcmcat242800050021
2,walmart,"Sports, Fitness & Outdoors",http://www.walmart.com/cp/sports-outdoors/4125?povid=cat121828-env999999-moduleA072012-lLinkGNAV5_SportsFitnessOutdoors
2,amazon,Boating & Water Sports,http://www.amazon.com/Boating-Water-Sports-Outdoors/b/ref=sd_allcat_btwt/185-2659415-1292738?ie=UTF8&node=3421331
2,amazon,Team Sports,http://www.amazon.com/Team-Sports-Outdoors/b/ref=sd_allcat_teamsp/185-2659415-1292738?ie=UTF8&node=706809011
2,amazon,Sports Collectibles,http://www.amazon.com/Sports-Collectibles/b/ref=sd_allcat_sprt_cllct/185-2659415-1292738?ie=UTF8&node=3250697011
2,amazon,All Sports & Outdoors,http://www.amazon.com/sporting-goods-clothing-cycling-exercise/b/ref=sd_allcat_sg/185-2659415-1292738?ie=UTF8&node=3375251
2,bjs,Sports,http://www.bjs.com/sports.category.986.2000149
2,overstock,Sports & Toys,http://www.overstock.com/Sports-Toys/5/store.html
2,amazon,Outdoor Recreation,http://www.amazon.com/Outdoor-Recreation/b/ref=sd_allcat_outrec/185-2659415-1292738?ie=UTF8&node=706814011
2,amazon,Athletic & Outdoor Clothing,http://www.amazon.com/Apparel/b/ref=sd_allcat_athcloth/185-2659415-1292738?ie=UTF8&node=2206626011
2,wayfair,Outdoor,http://www.wayfair.com/Outdoor-C32334.html
2,amazon,Entertainment Collectibles,http://www.amazon.com/b/ref=sd_allcat_entcol/185-2659415-1292738?ie=UTF8&node=5088769011
3,amazon,Boating & Water Sports,http://www.amazon.com/Boating-Water-Sports-Outdoors/b/ref=sd_allcat_btwt/185-2659415-1292738?ie=UTF8&node=3421331
3,amazon,Team Sports,http://www.amazon.com/Team-Sports-Outdoors/b/ref=sd_allcat_teamsp/185-2659415-1292738?ie=UTF8&node=706809011
3,amazon,Sports Collectibles,http://www.amazon.com/Sports-Collectibles/b/ref=sd_allcat_sprt_cllct/185-2659415-1292738?ie=UTF8&node=3250697011
3,amazon,All Sports & Outdoors,http://www.amazon.com/sporting-goods-clothing-cycling-exercise/b/ref=sd_allcat_sg/185-2659415-1292738?ie=UTF8&node=3375251
3,bestbuy,"Health, Fitness & Sports",http://www.bestbuy.com/site/Electronics/Health-Fitness/pcmcat242800050021.c?id=pcmcat242800050021
3,bjs,Sports,http://www.bjs.com/sports.category.986.2000149
3,overstock,Sports & Toys,http://www.overstock.com/Sports-Toys/5/store.html
3,walmart,"Sports, Fitness & Outdoors",http://www.walmart.com/cp/sports-outdoors/4125?povid=cat121828-env999999-moduleA072012-lLinkGNAV5_SportsFitnessOutdoors
4,amazon,Exercise & Fitness,http://www.amazon.com/Exercise-Fitness-Sports-Outdoors/b/ref=sd_allcat_ef/185-2659415-1292738?ie=UTF8&node=3407731
4,bestbuy,"Health, Fitness & Sports",http://www.bestbuy.com/site/Electronics/Health-Fitness/pcmcat242800050021.c?id=pcmcat242800050021
4,walmart,"Sports, Fitness & Outdoors",http://www.walmart.com/cp/sports-outdoors/4125?povid=cat121828-env999999-moduleA072012-lLinkGNAV5_SportsFitnessOutdoors
4,amazon,Health & Personal Care,http://www.amazon.com/health-personal-care-nutrition-fitness/b/ref=sd_allcat_hpc/185-2659415-1292738?ie=UTF8&node=3760901
4,bjs,Health & Beauty,http://www.bjs.com/health--beauty.category.850.2001045
4,overstock,Health & Beauty,http://www.overstock.com/Health-Beauty/8/store.html
4,walmart,Health,http://www.walmart.com/cp/976760?povid=cat121828-env999999-moduleA072012-lLinkGNAV3_Health
4,amazon,Boating & Water Sports,http://www.amazon.com/Boating-Water-Sports-Outdoors/b/ref=sd_allcat_btwt/185-2659415-1292738?ie=UTF8&node=3421331
4,amazon,Team Sports,http://www.amazon.com/Team-Sports-Outdoors/b/ref=sd_allcat_teamsp/185-2659415-1292738?ie=UTF8&node=706809011
4,amazon,Sports Collectibles,http://www.amazon.com/Sports-Collectibles/b/ref=sd_allcat_sprt_cllct/185-2659415-1292738?ie=UTF8&node=3250697011
4,amazon,All Sports & Outdoors,http://www.amazon.com/sporting-goods-clothing-cycling-exercise/b/ref=sd_allcat_sg/185-2659415-1292738?ie=UTF8&node=3375251
4,bjs,Sports,http://www.bjs.com/sports.category.986.2000149
4,overstock,Sports & Toys,http://www.overstock.com/Sports-Toys/5/store.html
4,amazon,Beauty,http://www.amazon.com/beauty-makeup-fragrance-skin-care/b/ref=sd_allcat_bty/185-2659415-1292738?ie=UTF8&node=3760911
4,walmart,Beauty,http://www.walmart.com/cp/1085666?povid=cat121828-env999999-moduleA072012-lLinkGNAV1_Beauty_Beauty
5,amazon,Health & Personal Care,http://www.amazon.com/health-personal-care-nutrition-fitness/b/ref=sd_allcat_hpc/185-2659415-1292738?ie=UTF8&node=3760901
5,bestbuy,"Health, Fitness & Sports",http://www.bestbuy.com/site/Electronics/Health-Fitness/pcmcat242800050021.c?id=pcmcat242800050021
5,bjs,Health & Beauty,http://www.bjs.com/health--beauty.category.850.2001045
5,overstock,Health & Beauty,http://www.overstock.com/Health-Beauty/8/store.html
5,walmart,Health,http://www.walmart.com/cp/976760?povid=cat121828-env999999-moduleA072012-lLinkGNAV3_Health
6,amazon,Kids' Clothing,http://www.amazon.com/Kids-Baby-Clothing/b/ref=sd_allcat_kba12/185-2659415-1292738?ie=UTF8&node=1040662
6,amazon,Baby Clothing,http://www.amazon.com/l/2402554011/ref=sd_allcat_bc/185-2659415-1292738
6,amazon,Clothing,http://www.amazon.com/clothing-accessories-men-women-kids/b/ref=sd_allcat_apr/185-2659415-1292738?ie=UTF8&node=1036592
6,amazon,Athletic & Outdoor Clothing,http://www.amazon.com/Apparel/b/ref=sd_allcat_athcloth/185-2659415-1292738?ie=UTF8&node=2206626011
6,overstock,Clothing & Shoes,http://www.overstock.com/Clothing-Shoes/7/store.html
6,amazon,Video Games for Kids,http://www.amazon.com/Kids-Family/b/ref=sd_allcat_cvg/185-2659415-1292738?ie=UTF8&node=471306
6,wayfair,Baby & Kids,http://www.wayfair.com/Baby-and-Kids-C45226.html
6,amazon,Games,http://www.amazon.com/b/ref=sd_allcat_adr_gam/185-2659415-1292738?ie=UTF8&node=2478844011
6,amazon,Digital Games,http://www.amazon.com/Game-Downloads/b/ref=sd_allcat_dgs_gam/185-2659415-1292738?ie=UTF8&node=979455011
6,amazon,Free-to-Play Games,http://www.amazon.com/b/ref=sd_allcat_dgs_ftp/185-2659415-1292738?ie=UTF8&node=5267605011
6,amazon,Your Games & Software Library,http://www.amazon.com/gp/swvgdtt/your-account/manage-downloads.html/ref=sd_allcat_dgs_gsl/185-2659415-1292738
6,amazon,Video Games,http://www.amazon.com/computer-video-games-hardware-accessories/b/ref=sd_allcat_cvg/185-2659415-1292738?ie=UTF8&node=468642
6,amazon,Video Games & Consoles,http://www.amazon.com/b/ref=sd_allcat_video_games_consoles/185-2659415-1292738?ie=UTF8&node=7021207011
6,amazon,Toys & Games,http://www.amazon.com/toys/b/ref=sd_allcat_tg/185-2659415-1292738?ie=UTF8&node=165793011
6,bestbuy,Video Games,http://www.bestbuy.com/site/Electronics/Video-Games/abcat0700000.c?id=abcat0700000
6,bestbuy,Toys & Games,http://www.bestbuy.com/site/Home/Toys-Games/pcmcat252700050006.c?id=pcmcat252700050006
6,walmart,Game Time,http://www.walmart.com/cp/1091906?povid=cat121828-env999999-moduleA072012-lLinkGNAV1_Campaign_GameTime
6,walmart,Video Games,http://www.walmart.com/cp/Video-Games/2636?povid=cat121828-env999999-moduleA072012-lLinkGNAV5_VideoGames
6,bjs,Toys,http://www.bjs.com/toys.category.808.2000705
6,overstock,Sports & Toys,http://www.overstock.com/Sports-Toys/5/store.html
6,walmart,Toys,http://www.walmart.com/cp/Toys/4171?povid=cat121828-env999999-moduleA072012-lLinkGNAV5_Toys
6,amazon,Boating & Water Sports,http://www.amazon.com/Boating-Water-Sports-Outdoors/b/ref=sd_allcat_btwt/185-2659415-1292738?ie=UTF8&node=3421331
6,amazon,Team Sports,http://www.amazon.com/Team-Sports-Outdoors/b/ref=sd_allcat_teamsp/185-2659415-1292738?ie=UTF8&node=706809011
6,amazon,Sports Collectibles,http://www.amazon.com/Sports-Collectibles/b/ref=sd_allcat_sprt_cllct/185-2659415-1292738?ie=UTF8&node=3250697011
6,amazon,All Sports & Outdoors,http://www.amazon.com/sporting-goods-clothing-cycling-exercise/b/ref=sd_allcat_sg/185-2659415-1292738?ie=UTF8&node=3375251
6,bestbuy,"Health, Fitness & Sports",http://www.bestbuy.com/site/Electronics/Health-Fitness/pcmcat242800050021.c?id=pcmcat242800050021
6,bjs,Sports,http://www.bjs.com/sports.category.986.2000149
6,walmart,"Sports, Fitness & Outdoors",http://www.walmart.com/cp/sports-outdoors/4125?povid=cat121828-env999999-moduleA072012-lLinkGNAV5_SportsFitnessOutdoors
6,amazon,Outdoor Recreation,http://www.amazon.com/Outdoor-Recreation/b/ref=sd_allcat_outrec/185-2659415-1292738?ie=UTF8&node=706814011
6,wayfair,Outdoor,http://www.wayfair.com/Outdoor-C32334.html
7,amazon,Amazon Instant Video,http://www.amazon.com/Instant-Video/b/ref=sd_allcat_atv/185-2659415-1292738?ie=UTF8&node=2858778011
7,amazon,Video Games,http://www.amazon.com/computer-video-games-hardware-accessories/b/ref=sd_allcat_cvg/185-2659415-1292738?ie=UTF8&node=468642
7,amazon,Camera & Video,http://www.amazon.com/b/ref=sd_allcat_camera_video/185-2659415-1292738?ie=UTF8&node=6996805011
7,amazon,Video Games & Consoles,http://www.amazon.com/b/ref=sd_allcat_video_games_consoles/185-2659415-1292738?ie=UTF8&node=7021207011
7,amazon,Video Games for Kids,http://www.amazon.com/Kids-Family/b/ref=sd_allcat_cvg/185-2659415-1292738?ie=UTF8&node=471306
7,bestbuy,Video Games,http://www.bestbuy.com/site/Electronics/Video-Games/abcat0700000.c?id=abcat0700000
7,walmart,Video Games,http://www.walmart.com/cp/Video-Games/2636?povid=cat121828-env999999-moduleA072012-lLinkGNAV5_VideoGames
7,amazon,Kids' Clothing,http://www.amazon.com/Kids-Baby-Clothing/b/ref=sd_allcat_kba12/185-2659415-1292738?ie=UTF8&node=1040662
7,wayfair,Baby & Kids,http://www.wayfair.com/Baby-and-Kids-C45226.html
7,amazon,Games,http://www.amazon.com/b/ref=sd_allcat_adr_gam/185-2659415-1292738?ie=UTF8&node=2478844011
7,amazon,Digital Games,http://www.amazon.com/Game-Downloads/b/ref=sd_allcat_dgs_gam/185-2659415-1292738?ie=UTF8&node=979455011
7,amazon,Free-to-Play Games,http://www.amazon.com/b/ref=sd_allcat_dgs_ftp/185-2659415-1292738?ie=UTF8&node=5267605011
7,amazon,Your Games & Software Library,http://www.amazon.com/gp/swvgdtt/your-account/manage-downloads.html/ref=sd_allcat_dgs_gsl/185-2659415-1292738
7,amazon,Toys & Games,http://www.amazon.com/toys/b/ref=sd_allcat_tg/185-2659415-1292738?ie=UTF8&node=165793011
7,bestbuy,Toys & Games,http://www.bestbuy.com/site/Home/Toys-Games/pcmcat252700050006.c?id=pcmcat252700050006
7,walmart,Game Time,http://www.walmart.com/cp/1091906?povid=cat121828-env999999-moduleA072012-lLinkGNAV1_Campaign_GameTime
7,bestbuy,Cameras & Camcorders,http://www.bestbuy.com/site/Electronics/Cameras-Camcorders/abcat0400000.c?id=abcat0400000
8,amazon,Kids' Clothing,http://www.amazon.com/Kids-Baby-Clothing/b/ref=sd_allcat_kba12/185-2659415-1292738?ie=UTF8&node=1040662
8,amazon,Baby Clothing,http://www.amazon.com/l/2402554011/ref=sd_allcat_bc/185-2659415-1292738
8,amazon,Clothing,http://www.amazon.com/clothing-accessories-men-women-kids/b/ref=sd_allcat_apr/185-2659415-1292738?ie=UTF8&node=1036592
8,amazon,Athletic & Outdoor Clothing,http://www.amazon.com/Apparel/b/ref=sd_allcat_athcloth/185-2659415-1292738?ie=UTF8&node=2206626011
8,overstock,Clothing & Shoes,http://www.overstock.com/Clothing-Shoes/7/store.html
8,amazon,Baby,http://www.amazon.com/baby-car-seats-strollers-bedding/b/ref=sd_allcat_ba/185-2659415-1292738?ie=UTF8&node=165796011
8,amazon,Baby Registry,http://www.amazon.com/gp/registry/baby/ref=sd_allcat_babyreg/185-2659415-1292738
8,bjs,Baby,http://www.bjs.com/baby.category.1035.2002451
8,overstock,Baby,http://www.overstock.com/Baby/35/store.html
8,walmart,Baby,http://www.walmart.com/cp/Baby/5427?povid=cat121828-env999999-moduleA072012-lLinkGNAV1_Baby_Baby
8,wayfair,Baby & Kids,http://www.wayfair.com/Baby-and-Kids-C45226.html
8,amazon,Video Games for Kids,http://www.amazon.com/Kids-Family/b/ref=sd_allcat_cvg/185-2659415-1292738?ie=UTF8&node=471306
8,walmart,Gift & Registry,http://www.walmart.com/cp/1094765?povid=cat121828-env999999-moduleA072012-lLinkGNAV2_GiftRegistry
9,amazon,Digital Software,http://www.amazon.com/pc-mac-software-downloads/b/ref=sd_allcat_dgs_sft/185-2659415-1292738?ie=UTF8&node=1233514011
9,amazon,Your Games & Software Library,http://www.amazon.com/gp/swvgdtt/your-account/manage-downloads.html/ref=sd_allcat_dgs_gsl/185-2659415-1292738
9,amazon,Software,http://www.amazon.com/design-download-business-education-software/b/ref=sd_allcat_sw/185-2659415-1292738?ie=UTF8&node=229534
9,amazon,Kindle Owners' Lending Library,http://www.amazon.com/gp/redirect.html/ref=sd_allcat_kds/185-2659415-1292738?ie=UTF8&location=%2Fkindlelendinglibrary
9,amazon,Games,http://www.amazon.com/b/ref=sd_allcat_adr_gam/185-2659415-1292738?ie=UTF8&node=2478844011
9,amazon,Digital Games,http://www.amazon.com/Game-Downloads/b/ref=sd_allcat_dgs_gam/185-2659415-1292738?ie=UTF8&node=979455011
9,amazon,Free-to-Play Games,http://www.amazon.com/b/ref=sd_allcat_dgs_ftp/185-2659415-1292738?ie=UTF8&node=5267605011
9,amazon,Video Games,http://www.amazon.com/computer-video-games-hardware-accessories/b/ref=sd_allcat_cvg/185-2659415-1292738?ie=UTF8&node=468642
9,amazon,Video Games & Consoles,http://www.amazon.com/b/ref=sd_allcat_video_games_consoles/185-2659415-1292738?ie=UTF8&node=7021207011
9,amazon,Toys & Games,http://www.amazon.com/toys/b/ref=sd_allcat_tg/185-2659415-1292738?ie=UTF8&node=165793011
9,amazon,Video Games for Kids,http://www.amazon.com/Kids-Family/b/ref=sd_allcat_cvg/185-2659415-1292738?ie=UTF8&node=471306
9,bestbuy,Video Games,http://www.bestbuy.com/site/Electronics/Video-Games/abcat0700000.c?id=abcat0700000
9,bestbuy,Toys & Games,http://www.bestbuy.com/site/Home/Toys-Games/pcmcat252700050006.c?id=pcmcat252700050006
9,walmart,Game Time,http://www.walmart.com/cp/1091906?povid=cat121828-env999999-moduleA072012-lLinkGNAV1_Campaign_GameTime
9,walmart,Video Games,http://www.walmart.com/cp/Video-Games/2636?povid=cat121828-env999999-moduleA072012-lLinkGNAV5_VideoGames
10,amazon,Kindle Owners' Lending Library,http://www.amazon.com/gp/redirect.html/ref=sd_allcat_kds/185-2659415-1292738?ie=UTF8&location=%2Fkindlelendinglibrary
10,amazon,Your Games & Software Library,http://www.amazon.com/gp/swvgdtt/your-account/manage-downloads.html/ref=sd_allcat_dgs_gsl/185-2659415-1292738
11,amazon,Music on Kindle Fire,http://www.amazon.com/gp/feature.html/ref=sd_allcat_fire_music/185-2659415-1292738?ie=UTF8&docId=1000825251
11,amazon,Kindle,http://www.amazon.com/dp/B007HCCNJU/ref=sd_allcat_kdptq/185-2659415-1292738
11,amazon,Kindle Paperwhite,http://www.amazon.com/dp/B007OZNZG0/ref=sd_allcat_kdpclw/185-2659415-1292738
11,amazon,Kindle Paperwhite 3G,http://www.amazon.com/dp/B007OZNUCE/ref=sd_allcat_kdpclwn/185-2659415-1292738
11,amazon,Kindle E-reader Accessories,http://www.amazon.com/b/ref=sd_allcat_kacce/185-2659415-1292738?ie=UTF8&node=5916440011
11,amazon,Kindle Books,http://www.amazon.com/Kindle-eBooks/b/ref=sd_allcat_kbo/185-2659415-1292738?ie=UTF8&node=1286228011
11,amazon,Kindle Owners' Lending Library,http://www.amazon.com/gp/redirect.html/ref=sd_allcat_kds/185-2659415-1292738?ie=UTF8&location=%2Fkindlelendinglibrary
11,amazon,Kindle Fire Accessories,http://www.amazon.com/b/ref=sd_allcat_kaccf/185-2659415-1292738?ie=UTF8&node=5916439011
11,amazon,Kindle Cloud Reader,http://www.amazon.comhttps://www.amazon.com:443/gp/redirect.html/ref=sd_allcat_kcr/185-2659415-1292738?location=https://read.amazon.com/&token=34AD60CFC4DCD7A97D4E2F4A4A7C4149FBEEF236
11,amazon,Free Kindle Reading Apps,http://www.amazon.com/gp/feature.html/ref=sd_allcat_karl/185-2659415-1292738?ie=UTF8&docId=1000493771
11,amazon,Manage Your Kindle,http://www.amazon.com/gp/digital/fiona/manage/ref=sd_allcat_myk/185-2659415-1292738
11,amazon,Your Games & Software Library,http://www.amazon.com/gp/swvgdtt/your-account/manage-downloads.html/ref=sd_allcat_dgs_gsl/185-2659415-1292738
11,amazon,Books,http://www.amazon.com/books-used-books-textbooks/b/ref=sd_allcat_bo/185-2659415-1292738?ie=UTF8&node=283155
11,amazon,Children's Books,http://www.amazon.com/Childrens-Books/b/ref=sd_allcat_cbo/185-2659415-1292738?ie=UTF8&node=4
11,amazon,Sell Your Books,http://www.amazon.com/Sell-Books/b/ref=sd_allcat_us_ti_tb_0513/185-2659415-1292738?ie=UTF8&node=2205237011
11,overstock,Books & Media,http://www.overstock.com/Books-Movies-Music-Games/3/store.html
11,walmart,Books,http://www.walmart.com/cp/Books/3920?povid=cat121828-env999999-moduleA072012-lLinkGNAV2_Books
12,amazon,Kindle Owners' Lending Library,http://www.amazon.com/gp/redirect.html/ref=sd_allcat_kds/185-2659415-1292738?ie=UTF8&location=%2Fkindlelendinglibrary
12,amazon,Music on Kindle Fire,http://www.amazon.com/gp/feature.html/ref=sd_allcat_fire_music/185-2659415-1292738?ie=UTF8&docId=1000825251
12,amazon,Kindle,http://www.amazon.com/dp/B007HCCNJU/ref=sd_allcat_kdptq/185-2659415-1292738
12,amazon,Kindle Paperwhite,http://www.amazon.com/dp/B007OZNZG0/ref=sd_allcat_kdpclw/185-2659415-1292738
12,amazon,Kindle Paperwhite 3G,http://www.amazon.com/dp/B007OZNUCE/ref=sd_allcat_kdpclwn/185-2659415-1292738
12,amazon,Kindle E-reader Accessories,http://www.amazon.com/b/ref=sd_allcat_kacce/185-2659415-1292738?ie=UTF8&node=5916440011
12,amazon,Kindle Books,http://www.amazon.com/Kindle-eBooks/b/ref=sd_allcat_kbo/185-2659415-1292738?ie=UTF8&node=1286228011
12,amazon,Kindle Fire Accessories,http://www.amazon.com/b/ref=sd_allcat_kaccf/185-2659415-1292738?ie=UTF8&node=5916439011
12,amazon,Kindle Cloud Reader,http://www.amazon.comhttps://www.amazon.com:443/gp/redirect.html/ref=sd_allcat_kcr/185-2659415-1292738?location=https://read.amazon.com/&token=34AD60CFC4DCD7A97D4E2F4A4A7C4149FBEEF236
12,amazon,Free Kindle Reading Apps,http://www.amazon.com/gp/feature.html/ref=sd_allcat_karl/185-2659415-1292738?ie=UTF8&docId=1000493771
12,amazon,Manage Your Kindle,http://www.amazon.com/gp/digital/fiona/manage/ref=sd_allcat_myk/185-2659415-1292738
12,amazon,Your Games & Software Library,http://www.amazon.com/gp/swvgdtt/your-account/manage-downloads.html/ref=sd_allcat_dgs_gsl/185-2659415-1292738
13,amazon,Kindle E-reader Accessories,http://www.amazon.com/b/ref=sd_allcat_kacce/185-2659415-1292738?ie=UTF8&node=5916440011
13,amazon,Kindle Fire Accessories,http://www.amazon.com/b/ref=sd_allcat_kaccf/185-2659415-1292738?ie=UTF8&node=5916439011
13,amazon,Electronics Accessories,http://www.amazon.com/b/ref=sd_allcat_elec_acc/185-2659415-1292738?ie=UTF8&node=5745855011
13,amazon,Accessories,http://www.amazon.com/Handbags-Designer-Sunglasses-iPod-Case/b/ref=sd_allcat_cla/185-2659415-1292738?ie=UTF8&node=1036700
13,amazon,Automotive Parts & Accessories,http://www.amazon.com/automotive-auto-truck-replacements-parts/b/ref=sd_allcat_apa/185-2659415-1292738?ie=UTF8&node=15684181
13,walmart,"Apparel, Shoes & Accessories",http://www.walmart.com/cp/Apparel/5438?povid=cat121828-env999999-moduleA072012-lLinkGNAV1_Apparel_ApparelShoesAccessories
13,amazon,Music on Kindle Fire,http://www.amazon.com/gp/feature.html/ref=sd_allcat_fire_music/185-2659415-1292738?ie=UTF8&docId=1000825251
13,amazon,Kindle,http://www.amazon.com/dp/B007HCCNJU/ref=sd_allcat_kdptq/185-2659415-1292738
13,amazon,Kindle Paperwhite,http://www.amazon.com/dp/B007OZNZG0/ref=sd_allcat_kdpclw/185-2659415-1292738
13,amazon,Kindle Paperwhite 3G,http://www.amazon.com/dp/B007OZNUCE/ref=sd_allcat_kdpclwn/185-2659415-1292738
13,amazon,Kindle Books,http://www.amazon.com/Kindle-eBooks/b/ref=sd_allcat_kbo/185-2659415-1292738?ie=UTF8&node=1286228011
13,amazon,Kindle Owners' Lending Library,http://www.amazon.com/gp/redirect.html/ref=sd_allcat_kds/185-2659415-1292738?ie=UTF8&location=%2Fkindlelendinglibrary
13,amazon,Kindle Cloud Reader,http://www.amazon.comhttps://www.amazon.com:443/gp/redirect.html/ref=sd_allcat_kcr/185-2659415-1292738?location=https://read.amazon.com/&token=34AD60CFC4DCD7A97D4E2F4A4A7C4149FBEEF236
13,amazon,Free Kindle Reading Apps,http://www.amazon.com/gp/feature.html/ref=sd_allcat_karl/185-2659415-1292738?ie=UTF8&docId=1000493771
13,amazon,Manage Your Kindle,http://www.amazon.com/gp/digital/fiona/manage/ref=sd_allcat_myk/185-2659415-1292738
14,amazon,Music on Kindle Fire,http://www.amazon.com/gp/feature.html/ref=sd_allcat_fire_music/185-2659415-1292738?ie=UTF8&docId=1000825251
14,amazon,Fire,http://www.amazon.com/dp/B0083Q04IQ/ref=sd_allcat_kdpo2/185-2659415-1292738
14,amazon,Fire HD,http://www.amazon.com/dp/B0083PWAPW/ref=sd_allcat_kdpt/185-2659415-1292738
14,amazon,"Fire HD 8.9""",http://www.amazon.com/dp/B008GFRE5A/ref=sd_allcat_kdpj/185-2659415-1292738
14,amazon,"Fire HD 8.9"" 4G",http://www.amazon.com/dp/B008GFRDL0/ref=sd_allcat_kdpjw/185-2659415-1292738
14,amazon,Kindle Fire Accessories,http://www.amazon.com/b/ref=sd_allcat_kaccf/185-2659415-1292738?ie=UTF8&node=5916439011
14,amazon,Kindle E-reader Accessories,http://www.amazon.com/b/ref=sd_allcat_kacce/185-2659415-1292738?ie=UTF8&node=5916440011
14,amazon,Electronics Accessories,http://www.amazon.com/b/ref=sd_allcat_elec_acc/185-2659415-1292738?ie=UTF8&node=5745855011
14,amazon,Accessories,http://www.amazon.com/Handbags-Designer-Sunglasses-iPod-Case/b/ref=sd_allcat_cla/185-2659415-1292738?ie=UTF8&node=1036700
14,amazon,Automotive Parts & Accessories,http://www.amazon.com/automotive-auto-truck-replacements-parts/b/ref=sd_allcat_apa/185-2659415-1292738?ie=UTF8&node=15684181
14,walmart,"Apparel, Shoes & Accessories",http://www.walmart.com/cp/Apparel/5438?povid=cat121828-env999999-moduleA072012-lLinkGNAV1_Apparel_ApparelShoesAccessories
14,amazon,Kindle,http://www.amazon.com/dp/B007HCCNJU/ref=sd_allcat_kdptq/185-2659415-1292738
14,amazon,Kindle Paperwhite,http://www.amazon.com/dp/B007OZNZG0/ref=sd_allcat_kdpclw/185-2659415-1292738
14,amazon,Kindle Paperwhite 3G,http://www.amazon.com/dp/B007OZNUCE/ref=sd_allcat_kdpclwn/185-2659415-1292738
14,amazon,Kindle Books,http://www.amazon.com/Kindle-eBooks/b/ref=sd_allcat_kbo/185-2659415-1292738?ie=UTF8&node=1286228011
14,amazon,Kindle Owners' Lending Library,http://www.amazon.com/gp/redirect.html/ref=sd_allcat_kds/185-2659415-1292738?ie=UTF8&location=%2Fkindlelendinglibrary
14,amazon,Kindle Cloud Reader,http://www.amazon.comhttps://www.amazon.com:443/gp/redirect.html/ref=sd_allcat_kcr/185-2659415-1292738?location=https://read.amazon.com/&token=34AD60CFC4DCD7A97D4E2F4A4A7C4149FBEEF236
14,amazon,Free Kindle Reading Apps,http://www.amazon.com/gp/feature.html/ref=sd_allcat_karl/185-2659415-1292738?ie=UTF8&docId=1000493771
14,amazon,Manage Your Kindle,http://www.amazon.com/gp/digital/fiona/manage/ref=sd_allcat_myk/185-2659415-1292738
15,amazon,Shoes,http://www.amazon.com/shoes-men-women-kids-baby/b/ref=sd_allcat_shoe/185-2659415-1292738?ie=UTF8&node=672123011
15,overstock,Clothing & Shoes,http://www.overstock.com/Clothing-Shoes/7/store.html
15,walmart,"Apparel, Shoes & Accessories",http://www.walmart.com/cp/Apparel/5438?povid=cat121828-env999999-moduleA072012-lLinkGNAV1_Apparel_ApparelShoesAccessories
15,amazon,Kindle E-reader Accessories,http://www.amazon.com/b/ref=sd_allcat_kacce/185-2659415-1292738?ie=UTF8&node=5916440011
15,amazon,Kindle Fire Accessories,http://www.amazon.com/b/ref=sd_allcat_kaccf/185-2659415-1292738?ie=UTF8&node=5916439011
15,amazon,Electronics Accessories,http://www.amazon.com/b/ref=sd_allcat_elec_acc/185-2659415-1292738?ie=UTF8&node=5745855011
15,amazon,Accessories,http://www.amazon.com/Handbags-Designer-Sunglasses-iPod-Case/b/ref=sd_allcat_cla/185-2659415-1292738?ie=UTF8&node=1036700
15,amazon,Automotive Parts & Accessories,http://www.amazon.com/automotive-auto-truck-replacements-parts/b/ref=sd_allcat_apa/185-2659415-1292738?ie=UTF8&node=15684181
16,amazon,Kids' Clothing,http://www.amazon.com/Kids-Baby-Clothing/b/ref=sd_allcat_kba12/185-2659415-1292738?ie=UTF8&node=1040662
16,amazon,Baby Clothing,http://www.amazon.com/l/2402554011/ref=sd_allcat_bc/185-2659415-1292738
16,amazon,Clothing,http://www.amazon.com/clothing-accessories-men-women-kids/b/ref=sd_allcat_apr/185-2659415-1292738?ie=UTF8&node=1036592
16,amazon,Athletic & Outdoor Clothing,http://www.amazon.com/Apparel/b/ref=sd_allcat_athcloth/185-2659415-1292738?ie=UTF8&node=2206626011
16,overstock,Clothing & Shoes,http://www.overstock.com/Clothing-Shoes/7/store.html
16,amazon,Shoes,http://www.amazon.com/shoes-men-women-kids-baby/b/ref=sd_allcat_shoe/185-2659415-1292738?ie=UTF8&node=672123011
16,walmart,"Apparel, Shoes & Accessories",http://www.walmart.com/cp/Apparel/5438?povid=cat121828-env999999-moduleA072012-lLinkGNAV1_Apparel_ApparelShoesAccessories
16,amazon,Kindle E-reader Accessories,http://www.amazon.com/b/ref=sd_allcat_kacce/185-2659415-1292738?ie=UTF8&node=5916440011
16,amazon,Kindle Fire Accessories,http://www.amazon.com/b/ref=sd_allcat_kaccf/185-2659415-1292738?ie=UTF8&node=5916439011
16,amazon,Electronics Accessories,http://www.amazon.com/b/ref=sd_allcat_elec_acc/185-2659415-1292738?ie=UTF8&node=5745855011
16,amazon,Accessories,http://www.amazon.com/Handbags-Designer-Sunglasses-iPod-Case/b/ref=sd_allcat_cla/185-2659415-1292738?ie=UTF8&node=1036700
16,amazon,Automotive Parts & Accessories,http://www.amazon.com/automotive-auto-truck-replacements-parts/b/ref=sd_allcat_apa/185-2659415-1292738?ie=UTF8&node=15684181
16,amazon,Music on Kindle Fire,http://www.amazon.com/gp/feature.html/ref=sd_allcat_fire_music/185-2659415-1292738?ie=UTF8&docId=1000825251
16,amazon,Kindle,http://www.amazon.com/dp/B007HCCNJU/ref=sd_allcat_kdptq/185-2659415-1292738
16,amazon,Kindle Paperwhite,http://www.amazon.com/dp/B007OZNZG0/ref=sd_allcat_kdpclw/185-2659415-1292738
16,amazon,Kindle Paperwhite 3G,http://www.amazon.com/dp/B007OZNUCE/ref=sd_allcat_kdpclwn/185-2659415-1292738
16,amazon,Kindle Books,http://www.amazon.com/Kindle-eBooks/b/ref=sd_allcat_kbo/185-2659415-1292738?ie=UTF8&node=1286228011
16,amazon,Kindle Owners' Lending Library,http://www.amazon.com/gp/redirect.html/ref=sd_allcat_kds/185-2659415-1292738?ie=UTF8&location=%2Fkindlelendinglibrary
16,amazon,Kindle Cloud Reader,http://www.amazon.comhttps://www.amazon.com:443/gp/redirect.html/ref=sd_allcat_kcr/185-2659415-1292738?location=https://read.amazon.com/&token=34AD60CFC4DCD7A97D4E2F4A4A7C4149FBEEF236
16,amazon,Free Kindle Reading Apps,http://www.amazon.com/gp/feature.html/ref=sd_allcat_karl/185-2659415-1292738?ie=UTF8&docId=1000493771
16,amazon,Manage Your Kindle,http://www.amazon.com/gp/digital/fiona/manage/ref=sd_allcat_myk/185-2659415-1292738
16,amazon,Your Games & Software Library,http://www.amazon.com/gp/swvgdtt/your-account/manage-downloads.html/ref=sd_allcat_dgs_gsl/185-2659415-1292738
16,amazon,Games,http://www.amazon.com/b/ref=sd_allcat_adr_gam/185-2659415-1292738?ie=UTF8&node=2478844011
16,amazon,Digital Games,http://www.amazon.com/Game-Downloads/b/ref=sd_allcat_dgs_gam/185-2659415-1292738?ie=UTF8&node=979455011
16,amazon,Free-to-Play Games,http://www.amazon.com/b/ref=sd_allcat_dgs_ftp/185-2659415-1292738?ie=UTF8&node=5267605011
16,amazon,Video Games,http://www.amazon.com/computer-video-games-hardware-accessories/b/ref=sd_allcat_cvg/185-2659415-1292738?ie=UTF8&node=468642
16,amazon,Video Games & Consoles,http://www.amazon.com/b/ref=sd_allcat_video_games_consoles/185-2659415-1292738?ie=UTF8&node=7021207011
16,amazon,Toys & Games,http://www.amazon.com/toys/b/ref=sd_allcat_tg/185-2659415-1292738?ie=UTF8&node=165793011
16,amazon,Video Games for Kids,http://www.amazon.com/Kids-Family/b/ref=sd_allcat_cvg/185-2659415-1292738?ie=UTF8&node=471306
16,bestbuy,Video Games,http://www.bestbuy.com/site/Electronics/Video-Games/abcat0700000.c?id=abcat0700000
16,bestbuy,Toys & Games,http://www.bestbuy.com/site/Home/Toys-Games/pcmcat252700050006.c?id=pcmcat252700050006
16,walmart,Game Time,http://www.walmart.com/cp/1091906?povid=cat121828-env999999-moduleA072012-lLinkGNAV1_Campaign_GameTime
16,walmart,Video Games,http://www.walmart.com/cp/Video-Games/2636?povid=cat121828-env999999-moduleA072012-lLinkGNAV5_VideoGames
16,bjs,Toys,http://www.bjs.com/toys.category.808.2000705
16,overstock,Sports & Toys,http://www.overstock.com/Sports-Toys/5/store.html
16,walmart,Toys,http://www.walmart.com/cp/Toys/4171?povid=cat121828-env999999-moduleA072012-lLinkGNAV5_Toys
16,amazon,Boating & Water Sports,http://www.amazon.com/Boating-Water-Sports-Outdoors/b/ref=sd_allcat_btwt/185-2659415-1292738?ie=UTF8&node=3421331
16,amazon,Team Sports,http://www.amazon.com/Team-Sports-Outdoors/b/ref=sd_allcat_teamsp/185-2659415-1292738?ie=UTF8&node=706809011
16,amazon,Sports Collectibles,http://www.amazon.com/Sports-Collectibles/b/ref=sd_allcat_sprt_cllct/185-2659415-1292738?ie=UTF8&node=3250697011
16,amazon,All Sports & Outdoors,http://www.amazon.com/sporting-goods-clothing-cycling-exercise/b/ref=sd_allcat_sg/185-2659415-1292738?ie=UTF8&node=3375251
16,bestbuy,"Health, Fitness & Sports",http://www.bestbuy.com/site/Electronics/Health-Fitness/pcmcat242800050021.c?id=pcmcat242800050021
16,bjs,Sports,http://www.bjs.com/sports.category.986.2000149
16,walmart,"Sports, Fitness & Outdoors",http://www.walmart.com/cp/sports-outdoors/4125?povid=cat121828-env999999-moduleA072012-lLinkGNAV5_SportsFitnessOutdoors
16,amazon,Outdoor Recreation,http://www.amazon.com/Outdoor-Recreation/b/ref=sd_allcat_outrec/185-2659415-1292738?ie=UTF8&node=706814011
16,wayfair,Outdoor,http://www.wayfair.com/Outdoor-C32334.html
17,amazon,Automotive Parts & Accessories,http://www.amazon.com/automotive-auto-truck-replacements-parts/b/ref=sd_allcat_apa/185-2659415-1292738?ie=UTF8&node=15684181
17,amazon,Automotive Tools & Equipment,http://www.amazon.com/Tools-Equipment-Automotive/b/ref=sd_allcat_ate/185-2659415-1292738?ie=UTF8&node=15706941
17,amazon,Kindle E-reader Accessories,http://www.amazon.com/b/ref=sd_allcat_kacce/185-2659415-1292738?ie=UTF8&node=5916440011
17,amazon,Kindle Fire Accessories,http://www.amazon.com/b/ref=sd_allcat_kaccf/185-2659415-1292738?ie=UTF8&node=5916439011
17,amazon,Electronics Accessories,http://www.amazon.com/b/ref=sd_allcat_elec_acc/185-2659415-1292738?ie=UTF8&node=5745855011
17,amazon,Accessories,http://www.amazon.com/Handbags-Designer-Sunglasses-iPod-Case/b/ref=sd_allcat_cla/185-2659415-1292738?ie=UTF8&node=1036700
17,walmart,"Apparel, Shoes & Accessories",http://www.walmart.com/cp/Apparel/5438?povid=cat121828-env999999-moduleA072012-lLinkGNAV1_Apparel_ApparelShoesAccessories
18,amazon,Car Electronics & GPS,http://www.amazon.com/Car-Electronics/b/ref=sd_allcat_ceg/185-2659415-1292738?ie=UTF8&node=1077068
18,bestbuy,"Car, Marine & GPS",http://www.bestbuy.com/site/Electronics/Car-Audio-GPS/abcat0300000.c?id=abcat0300000
18,amazon,"Vehicle, GPS & Navigation",http://www.amazon.com/b/ref=sd_allcat_vehicle_gps_nav/185-2659415-1292738?ie=UTF8&node=7000941011
18,amazon,TV & Home Theater,http://www.amazon.com/Televisions-Video/b/ref=sd_allcat_tv_home_theater/185-2659415-1292738?ie=UTF8&node=1266092011
18,amazon,Electronics Accessories,http://www.amazon.com/b/ref=sd_allcat_elec_acc/185-2659415-1292738?ie=UTF8&node=5745855011
18,amazon,Trade In Electronics,http://www.amazon.com/Electronics-Trade-In/b/ref=sd_allcat_trade_in_elec/185-2659415-1292738?ie=UTF8&node=2226766011
18,bestbuy,TV & Home Theater,http://www.bestbuy.com/site/Electronics/TV-Video/abcat0100000.c?id=abcat0100000
18,bjs,Electronics,http://www.bjs.com/electronics.category.160.2002336
18,overstock,Electronics,http://www.overstock.com/Electronics/2/store.html
18,walmart,Electronics,http://www.walmart.com/cp/Electronics/3944?povid=cat121828-env999999-moduleA072012-lLinkGNAV2_Electronics
19,amazon,"Vehicle, GPS & Navigation",http://www.amazon.com/b/ref=sd_allcat_vehicle_gps_nav/185-2659415-1292738?ie=UTF8&node=7000941011
19,amazon,Car Electronics & GPS,http://www.amazon.com/Car-Electronics/b/ref=sd_allcat_ceg/185-2659415-1292738?ie=UTF8&node=1077068
19,bestbuy,"Car, Marine & GPS",http://www.bestbuy.com/site/Electronics/Car-Audio-GPS/abcat0300000.c?id=abcat0300000
20,amazon,Car Electronics & GPS,http://www.amazon.com/Car-Electronics/b/ref=sd_allcat_ceg/185-2659415-1292738?ie=UTF8&node=1077068
20,bestbuy,"Car, Marine & GPS",http://www.bestbuy.com/site/Electronics/Car-Audio-GPS/abcat0300000.c?id=abcat0300000
20,amazon,"Vehicle, GPS & Navigation",http://www.amazon.com/b/ref=sd_allcat_vehicle_gps_nav/185-2659415-1292738?ie=UTF8&node=7000941011
21,overstock,Worldstock Fair Trade,http://www.overstock.com/Worldstock-Fair-Trade/6/store.html
21,amazon,Trade In Electronics,http://www.amazon.com/Electronics-Trade-In/b/ref=sd_allcat_trade_in_elec/185-2659415-1292738?ie=UTF8&node=2226766011
22,amazon,MP3 Music Store,http://www.amazon.com/MP3-Music-Download/b/ref=sd_allcat_mp3_str/185-2659415-1292738?ie=UTF8&node=163856011
22,amazon,Music on Kindle Fire,http://www.amazon.com/gp/feature.html/ref=sd_allcat_fire_music/185-2659415-1292738?ie=UTF8&docId=1000825251
22,amazon,Music,http://www.amazon.com/music-rock-classical-pop-jazz/b/ref=sd_allcat_mu/185-2659415-1292738?ie=UTF8&node=5174
22,amazon,Musical Instruments,http://www.amazon.com/musical-instruments-accessories-sound-recording/b/ref=sd_allcat_mi/185-2659415-1292738?ie=UTF8&node=11091801
22,bestbuy,Movies & Music,http://www.bestbuy.com/site/Electronics/Music-Movies/abcat0600000.c?id=abcat0600000
22,bestbuy,Musical Instruments,http://www.bestbuy.com/site/Audio/Musical-Instruments/abcat0207000.c?id=abcat0207000
22,walmart,Music,http://www.walmart.com/cp/Music/4104?povid=cat121828-env999999-moduleA072012-lLinkGNAV4_Music
22,amazon,Movies & TV,http://www.amazon.com/movies-tv-dvd-bluray/b/ref=sd_allcat_mov/185-2659415-1292738?ie=UTF8&node=2625373011
22,walmart,Movies,http://www.walmart.com/cp/movies-tv/4096?povid=cat121828-env999999-moduleA072012-lLinkGNAV4_Movies
22,amazon,TV & Home Theater,http://www.amazon.com/Televisions-Video/b/ref=sd_allcat_tv_home_theater/185-2659415-1292738?ie=UTF8&node=1266092011
22,bestbuy,TV & Home Theater,http://www.bestbuy.com/site/Electronics/TV-Video/abcat0100000.c?id=abcat0100000
22,overstock,As Seen on TV,http://www.overstock.com/As-Seen-on-TV/40/store.html
22,walmart,As Seen On TV,http://www.walmart.com/browse/0/0/?_refineresult=true&facet=special_offers%3AAs+Seen+On+TV&povid=cat121828-env999999-moduleA022113-lLinkGNAV1_AsSeenOnTV
22,amazon,Electronics Accessories,http://www.amazon.com/b/ref=sd_allcat_elec_acc/185-2659415-1292738?ie=UTF8&node=5745855011
22,amazon,Trade In Electronics,http://www.amazon.com/Electronics-Trade-In/b/ref=sd_allcat_trade_in_elec/185-2659415-1292738?ie=UTF8&node=2226766011
22,amazon,Car Electronics & GPS,http://www.amazon.com/Car-Electronics/b/ref=sd_allcat_ceg/185-2659415-1292738?ie=UTF8&node=1077068
22,bjs,Electronics,http://www.bjs.com/electronics.category.160.2002336
22,overstock,Electronics,http://www.overstock.com/Electronics/2/store.html
22,walmart,Electronics,http://www.walmart.com/cp/Electronics/3944?povid=cat121828-env999999-moduleA072012-lLinkGNAV2_Electronics
22,amazon,Kindle E-reader Accessories,http://www.amazon.com/b/ref=sd_allcat_kacce/185-2659415-1292738?ie=UTF8&node=5916440011
22,amazon,Kindle Fire Accessories,http://www.amazon.com/b/ref=sd_allcat_kaccf/185-2659415-1292738?ie=UTF8&node=5916439011
22,amazon,Accessories,http://www.amazon.com/Handbags-Designer-Sunglasses-iPod-Case/b/ref=sd_allcat_cla/185-2659415-1292738?ie=UTF8&node=1036700
22,amazon,Automotive Parts & Accessories,http://www.amazon.com/automotive-auto-truck-replacements-parts/b/ref=sd_allcat_apa/185-2659415-1292738?ie=UTF8&node=15684181
22,walmart,"Apparel, Shoes & Accessories",http://www.walmart.com/cp/Apparel/5438?povid=cat121828-env999999-moduleA072012-lLinkGNAV1_Apparel_ApparelShoesAccessories
22,amazon,Kindle,http://www.amazon.com/dp/B007HCCNJU/ref=sd_allcat_kdptq/185-2659415-1292738
22,amazon,Kindle Paperwhite,http://www.amazon.com/dp/B007OZNZG0/ref=sd_allcat_kdpclw/185-2659415-1292738
22,amazon,Kindle Paperwhite 3G,http://www.amazon.com/dp/B007OZNUCE/ref=sd_allcat_kdpclwn/185-2659415-1292738
22,amazon,Kindle Books,http://www.amazon.com/Kindle-eBooks/b/ref=sd_allcat_kbo/185-2659415-1292738?ie=UTF8&node=1286228011
22,amazon,Kindle Owners' Lending Library,http://www.amazon.com/gp/redirect.html/ref=sd_allcat_kds/185-2659415-1292738?ie=UTF8&location=%2Fkindlelendinglibrary
22,amazon,Kindle Cloud Reader,http://www.amazon.comhttps://www.amazon.com:443/gp/redirect.html/ref=sd_allcat_kcr/185-2659415-1292738?location=https://read.amazon.com/&token=34AD60CFC4DCD7A97D4E2F4A4A7C4149FBEEF236
22,amazon,Free Kindle Reading Apps,http://www.amazon.com/gp/feature.html/ref=sd_allcat_karl/185-2659415-1292738?ie=UTF8&docId=1000493771
22,amazon,Manage Your Kindle,http://www.amazon.com/gp/digital/fiona/manage/ref=sd_allcat_myk/185-2659415-1292738
23,amazon,Automotive Tools & Equipment,http://www.amazon.com/Tools-Equipment-Automotive/b/ref=sd_allcat_ate/185-2659415-1292738?ie=UTF8&node=15706941
23,amazon,Power & Hand Tools,http://www.amazon.com/Power-Tools-and-Hand-Tools/b/ref=sd_allcat_hi/185-2659415-1292738?ie=UTF8&node=328182011
23,amazon,Automotive Parts & Accessories,http://www.amazon.com/automotive-auto-truck-replacements-parts/b/ref=sd_allcat_apa/185-2659415-1292738?ie=UTF8&node=15684181
24,amazon,Power & Hand Tools,http://www.amazon.com/Power-Tools-and-Hand-Tools/b/ref=sd_allcat_hi/185-2659415-1292738?ie=UTF8&node=328182011
24,amazon,Automotive Tools & Equipment,http://www.amazon.com/Tools-Equipment-Automotive/b/ref=sd_allcat_ate/185-2659415-1292738?ie=UTF8&node=15706941
25,amazon,Kindle Paperwhite,http://www.amazon.com/dp/B007OZNZG0/ref=sd_allcat_kdpclw/185-2659415-1292738
25,amazon,Kindle Paperwhite 3G,http://www.amazon.com/dp/B007OZNUCE/ref=sd_allcat_kdpclwn/185-2659415-1292738
25,amazon,Music on Kindle Fire,http://www.amazon.com/gp/feature.html/ref=sd_allcat_fire_music/185-2659415-1292738?ie=UTF8&docId=1000825251
25,amazon,Kindle,http://www.amazon.com/dp/B007HCCNJU/ref=sd_allcat_kdptq/185-2659415-1292738
25,amazon,Kindle E-reader Accessories,http://www.amazon.com/b/ref=sd_allcat_kacce/185-2659415-1292738?ie=UTF8&node=5916440011
25,amazon,Kindle Books,http://www.amazon.com/Kindle-eBooks/b/ref=sd_allcat_kbo/185-2659415-1292738?ie=UTF8&node=1286228011
25,amazon,Kindle Owners' Lending Library,http://www.amazon.com/gp/redirect.html/ref=sd_allcat_kds/185-2659415-1292738?ie=UTF8&location=%2Fkindlelendinglibrary
25,amazon,Kindle Fire Accessories,http://www.amazon.com/b/ref=sd_allcat_kaccf/185-2659415-1292738?ie=UTF8&node=5916439011
25,amazon,Kindle Cloud Reader,http://www.amazon.comhttps://www.amazon.com:443/gp/redirect.html/ref=sd_allcat_kcr/185-2659415-1292738?location=https://read.amazon.com/&token=34AD60CFC4DCD7A97D4E2F4A4A7C4149FBEEF236
25,amazon,Free Kindle Reading Apps,http://www.amazon.com/gp/feature.html/ref=sd_allcat_karl/185-2659415-1292738?ie=UTF8&docId=1000493771
25,amazon,Manage Your Kindle,http://www.amazon.com/gp/digital/fiona/manage/ref=sd_allcat_myk/185-2659415-1292738
26,amazon,Cloud Player for PC,http://www.amazon.com/gp/feature.html/ref=sd_allcat_mp3_pc/185-2659415-1292738?ie=UTF8&docId=1001067901
26,amazon,Cloud Player for Web,http://www.amazon.com/gp/dmusic/marketing/CloudPlayerLaunchPage/ref=sd_allcat_mp3_acp/185-2659415-1292738
26,amazon,Cloud Player for Android,http://www.amazon.com/gp/feature.html/ref=sd_allcat_mp3_and/185-2659415-1292738?ie=UTF8&docId=1000454841
26,amazon,Cloud Player for iOS,http://www.amazon.com/gp/feature.html/ref=sd_allcat_mp3_ios/185-2659415-1292738?ie=UTF8&docId=1000776061
26,amazon,Cloud Player for Home,http://www.amazon.com/b/ref=sd_allcat_mp3_hm/185-2659415-1292738?ie=UTF8&node=2658409011
26,amazon,Your Cloud Drive,http://www.amazon.com/clouddrive/ref=sd_allcat_acd_urc/185-2659415-1292738
26,amazon,Cloud Drive Photos for Android,http://www.amazon.com/gp/feature.html/ref=sd_allcat_acd_photo/185-2659415-1292738?ie=UTF8&docId=1000848741
26,amazon,Cloud Drive Photos for iPhone,http://www.amazon.com/gp/feature.html/ref=sd_allcat_acd_photo_ios/185-2659415-1292738?ie=UTF8&docId=1001206201
26,amazon,Learn More About Cloud Drive,http://www.amazon.com/gp/feature.html/ref=sd_allcat_acd_lrn/185-2659415-1292738?ie=UTF8&docId=1000796931
26,amazon,Kindle Cloud Reader,http://www.amazon.comhttps://www.amazon.com:443/gp/redirect.html/ref=sd_allcat_kcr/185-2659415-1292738?location=https://read.amazon.com/&token=34AD60CFC4DCD7A97D4E2F4A4A7C4149FBEEF236
26,amazon,Music on Kindle Fire,http://www.amazon.com/gp/feature.html/ref=sd_allcat_fire_music/185-2659415-1292738?ie=UTF8&docId=1000825251
26,amazon,Kindle,http://www.amazon.com/dp/B007HCCNJU/ref=sd_allcat_kdptq/185-2659415-1292738
26,amazon,Kindle Paperwhite,http://www.amazon.com/dp/B007OZNZG0/ref=sd_allcat_kdpclw/185-2659415-1292738
26,amazon,Kindle Paperwhite 3G,http://www.amazon.com/dp/B007OZNUCE/ref=sd_allcat_kdpclwn/185-2659415-1292738
26,amazon,Kindle E-reader Accessories,http://www.amazon.com/b/ref=sd_allcat_kacce/185-2659415-1292738?ie=UTF8&node=5916440011
26,amazon,Kindle Books,http://www.amazon.com/Kindle-eBooks/b/ref=sd_allcat_kbo/185-2659415-1292738?ie=UTF8&node=1286228011
26,amazon,Kindle Owners' Lending Library,http://www.amazon.com/gp/redirect.html/ref=sd_allcat_kds/185-2659415-1292738?ie=UTF8&location=%2Fkindlelendinglibrary
26,amazon,Kindle Fire Accessories,http://www.amazon.com/b/ref=sd_allcat_kaccf/185-2659415-1292738?ie=UTF8&node=5916439011
26,amazon,Free Kindle Reading Apps,http://www.amazon.com/gp/feature.html/ref=sd_allcat_karl/185-2659415-1292738?ie=UTF8&docId=1000493771
26,amazon,Manage Your Kindle,http://www.amazon.com/gp/digital/fiona/manage/ref=sd_allcat_myk/185-2659415-1292738
27,amazon,Cloud Player for PC,http://www.amazon.com/gp/feature.html/ref=sd_allcat_mp3_pc/185-2659415-1292738?ie=UTF8&docId=1001067901
27,amazon,Cloud Player for Web,http://www.amazon.com/gp/dmusic/marketing/CloudPlayerLaunchPage/ref=sd_allcat_mp3_acp/185-2659415-1292738
27,amazon,Cloud Player for Android,http://www.amazon.com/gp/feature.html/ref=sd_allcat_mp3_and/185-2659415-1292738?ie=UTF8&docId=1000454841
27,amazon,Cloud Player for iOS,http://www.amazon.com/gp/feature.html/ref=sd_allcat_mp3_ios/185-2659415-1292738?ie=UTF8&docId=1000776061
27,amazon,Cloud Player for Home,http://www.amazon.com/b/ref=sd_allcat_mp3_hm/185-2659415-1292738?ie=UTF8&node=2658409011
27,amazon,Cloud Drive Photos for Android,http://www.amazon.com/gp/feature.html/ref=sd_allcat_acd_photo/185-2659415-1292738?ie=UTF8&docId=1000848741
27,amazon,Your Cloud Drive,http://www.amazon.com/clouddrive/ref=sd_allcat_acd_urc/185-2659415-1292738
27,amazon,Cloud Drive Photos for iPhone,http://www.amazon.com/gp/feature.html/ref=sd_allcat_acd_photo_ios/185-2659415-1292738?ie=UTF8&docId=1001206201
27,amazon,Learn More About Cloud Drive,http://www.amazon.com/gp/feature.html/ref=sd_allcat_acd_lrn/185-2659415-1292738?ie=UTF8&docId=1000796931
27,amazon,Kindle Cloud Reader,http://www.amazon.comhttps://www.amazon.com:443/gp/redirect.html/ref=sd_allcat_kcr/185-2659415-1292738?location=https://read.amazon.com/&token=34AD60CFC4DCD7A97D4E2F4A4A7C4149FBEEF236
28,amazon,Your Cloud Drive,http://www.amazon.com/clouddrive/ref=sd_allcat_acd_urc/185-2659415-1292738
28,amazon,Cloud Drive Photos for Android,http://www.amazon.com/gp/feature.html/ref=sd_allcat_acd_photo/185-2659415-1292738?ie=UTF8&docId=1000848741
28,amazon,Cloud Drive Photos for iPhone,http://www.amazon.com/gp/feature.html/ref=sd_allcat_acd_photo_ios/185-2659415-1292738?ie=UTF8&docId=1001206201
28,amazon,Learn More About Cloud Drive,http://www.amazon.com/gp/feature.html/ref=sd_allcat_acd_lrn/185-2659415-1292738?ie=UTF8&docId=1000796931
28,amazon,Test Drive Apps,http://www.amazon.com/b/ref=sd_allcat_adr_testd/185-2659415-1292738?ie=UTF8&node=3071729011
28,amazon,Cloud Player for Android,http://www.amazon.com/gp/feature.html/ref=sd_allcat_mp3_and/185-2659415-1292738?ie=UTF8&docId=1000454841
28,amazon,Cloud Player for PC,http://www.amazon.com/gp/feature.html/ref=sd_allcat_mp3_pc/185-2659415-1292738?ie=UTF8&docId=1001067901
28,amazon,Cloud Player for Web,http://www.amazon.com/gp/dmusic/marketing/CloudPlayerLaunchPage/ref=sd_allcat_mp3_acp/185-2659415-1292738
28,amazon,Cloud Player for iOS,http://www.amazon.com/gp/feature.html/ref=sd_allcat_mp3_ios/185-2659415-1292738?ie=UTF8&docId=1000776061
28,amazon,Cloud Player for Home,http://www.amazon.com/b/ref=sd_allcat_mp3_hm/185-2659415-1292738?ie=UTF8&node=2658409011
28,amazon,Kindle Cloud Reader,http://www.amazon.comhttps://www.amazon.com:443/gp/redirect.html/ref=sd_allcat_kcr/185-2659415-1292738?location=https://read.amazon.com/&token=34AD60CFC4DCD7A97D4E2F4A4A7C4149FBEEF236
29,amazon,Cloud Drive Photos for Android,http://www.amazon.com/gp/feature.html/ref=sd_allcat_acd_photo/185-2659415-1292738?ie=UTF8&docId=1000848741
29,amazon,Cloud Drive Photos for iPhone,http://www.amazon.com/gp/feature.html/ref=sd_allcat_acd_photo_ios/185-2659415-1292738?ie=UTF8&docId=1001206201
29,walmart,Photo Center,http://photos.walmart.com/walmart/welcome?povid=cat121828-env999999-moduleA072012-lLinkGNAV5_PhotoCenter
29,amazon,Cloud Player for Android,http://www.amazon.com/gp/feature.html/ref=sd_allcat_mp3_and/185-2659415-1292738?ie=UTF8&docId=1000454841
29,amazon,Cloud Player for PC,http://www.amazon.com/gp/feature.html/ref=sd_allcat_mp3_pc/185-2659415-1292738?ie=UTF8&docId=1001067901
29,amazon,Cloud Player for Web,http://www.amazon.com/gp/dmusic/marketing/CloudPlayerLaunchPage/ref=sd_allcat_mp3_acp/185-2659415-1292738
29,amazon,Cloud Player for iOS,http://www.amazon.com/gp/feature.html/ref=sd_allcat_mp3_ios/185-2659415-1292738?ie=UTF8&docId=1000776061
29,amazon,Cloud Player for Home,http://www.amazon.com/b/ref=sd_allcat_mp3_hm/185-2659415-1292738?ie=UTF8&node=2658409011
29,amazon,Your Cloud Drive,http://www.amazon.com/clouddrive/ref=sd_allcat_acd_urc/185-2659415-1292738
29,amazon,Learn More About Cloud Drive,http://www.amazon.com/gp/feature.html/ref=sd_allcat_acd_lrn/185-2659415-1292738?ie=UTF8&docId=1000796931
29,amazon,Kindle Cloud Reader,http://www.amazon.comhttps://www.amazon.com:443/gp/redirect.html/ref=sd_allcat_kcr/185-2659415-1292738?location=https://read.amazon.com/&token=34AD60CFC4DCD7A97D4E2F4A4A7C4149FBEEF236
30,amazon,Cloud Drive Photos for Android,http://www.amazon.com/gp/feature.html/ref=sd_allcat_acd_photo/185-2659415-1292738?ie=UTF8&docId=1000848741
30,amazon,Cloud Drive Photos for iPhone,http://www.amazon.com/gp/feature.html/ref=sd_allcat_acd_photo_ios/185-2659415-1292738?ie=UTF8&docId=1001206201
30,walmart,Photo Center,http://photos.walmart.com/walmart/welcome?povid=cat121828-env999999-moduleA072012-lLinkGNAV5_PhotoCenter
30,bestbuy,Mobile Phones & iPhones,http://www.bestbuy.com/site/Electronics/Mobile-Cell-Phones/abcat0800000.c?id=abcat0800000
30,amazon,Cloud Player for PC,http://www.amazon.com/gp/feature.html/ref=sd_allcat_mp3_pc/185-2659415-1292738?ie=UTF8&docId=1001067901
30,amazon,Cloud Player for Web,http://www.amazon.com/gp/dmusic/marketing/CloudPlayerLaunchPage/ref=sd_allcat_mp3_acp/185-2659415-1292738
30,amazon,Cloud Player for Android,http://www.amazon.com/gp/feature.html/ref=sd_allcat_mp3_and/185-2659415-1292738?ie=UTF8&docId=1000454841
30,amazon,Cloud Player for iOS,http://www.amazon.com/gp/feature.html/ref=sd_allcat_mp3_ios/185-2659415-1292738?ie=UTF8&docId=1000776061
30,amazon,Cloud Player for Home,http://www.amazon.com/b/ref=sd_allcat_mp3_hm/185-2659415-1292738?ie=UTF8&node=2658409011
30,amazon,Your Cloud Drive,http://www.amazon.com/clouddrive/ref=sd_allcat_acd_urc/185-2659415-1292738
30,amazon,Learn More About Cloud Drive,http://www.amazon.com/gp/feature.html/ref=sd_allcat_acd_lrn/185-2659415-1292738?ie=UTF8&docId=1000796931
30,amazon,Kindle Cloud Reader,http://www.amazon.comhttps://www.amazon.com:443/gp/redirect.html/ref=sd_allcat_kcr/185-2659415-1292738?location=https://read.amazon.com/&token=34AD60CFC4DCD7A97D4E2F4A4A7C4149FBEEF236
31,amazon,Your Cloud Drive,http://www.amazon.com/clouddrive/ref=sd_allcat_acd_urc/185-2659415-1292738
31,amazon,Cloud Drive Photos for Android,http://www.amazon.com/gp/feature.html/ref=sd_allcat_acd_photo/185-2659415-1292738?ie=UTF8&docId=1000848741
31,amazon,Cloud Drive Photos for iPhone,http://www.amazon.com/gp/feature.html/ref=sd_allcat_acd_photo_ios/185-2659415-1292738?ie=UTF8&docId=1001206201
31,amazon,Learn More About Cloud Drive,http://www.amazon.com/gp/feature.html/ref=sd_allcat_acd_lrn/185-2659415-1292738?ie=UTF8&docId=1000796931
31,amazon,Test Drive Apps,http://www.amazon.com/b/ref=sd_allcat_adr_testd/185-2659415-1292738?ie=UTF8&node=3071729011
31,bestbuy,Mobile Phones & iPhones,http://www.bestbuy.com/site/Electronics/Mobile-Cell-Phones/abcat0800000.c?id=abcat0800000
31,amazon,Cloud Player for PC,http://www.amazon.com/gp/feature.html/ref=sd_allcat_mp3_pc/185-2659415-1292738?ie=UTF8&docId=1001067901
31,amazon,Cloud Player for Web,http://www.amazon.com/gp/dmusic/marketing/CloudPlayerLaunchPage/ref=sd_allcat_mp3_acp/185-2659415-1292738
31,amazon,Cloud Player for Android,http://www.amazon.com/gp/feature.html/ref=sd_allcat_mp3_and/185-2659415-1292738?ie=UTF8&docId=1000454841
31,amazon,Cloud Player for iOS,http://www.amazon.com/gp/feature.html/ref=sd_allcat_mp3_ios/185-2659415-1292738?ie=UTF8&docId=1000776061
31,amazon,Cloud Player for Home,http://www.amazon.com/b/ref=sd_allcat_mp3_hm/185-2659415-1292738?ie=UTF8&node=2658409011
31,amazon,Kindle Cloud Reader,http://www.amazon.comhttps://www.amazon.com:443/gp/redirect.html/ref=sd_allcat_kcr/185-2659415-1292738?location=https://read.amazon.com/&token=34AD60CFC4DCD7A97D4E2F4A4A7C4149FBEEF236
32,bestbuy,Mobile Phones & iPhones,http://www.bestbuy.com/site/Electronics/Mobile-Cell-Phones/abcat0800000.c?id=abcat0800000
32,amazon,Cell Phones & Services,http://www.amazon.com/cell-phones-service-plans-accessories/b/ref=sd_allcat_cell_phones_services/185-2659415-1292738?ie=UTF8&node=2335752011
32,amazon,Cloud Drive Photos for iPhone,http://www.amazon.com/gp/feature.html/ref=sd_allcat_acd_photo_ios/185-2659415-1292738?ie=UTF8&docId=1001206201
33,amazon,Cell Phones & Services,http://www.amazon.com/cell-phones-service-plans-accessories/b/ref=sd_allcat_cell_phones_services/185-2659415-1292738?ie=UTF8&node=2335752011
33,bestbuy,Mobile Phones & iPhones,http://www.bestbuy.com/site/Electronics/Mobile-Cell-Phones/abcat0800000.c?id=abcat0800000
34,amazon,Cloud Player for PC,http://www.amazon.com/gp/feature.html/ref=sd_allcat_mp3_pc/185-2659415-1292738?ie=UTF8&docId=1001067901
34,amazon,Cloud Player for Web,http://www.amazon.com/gp/dmusic/marketing/CloudPlayerLaunchPage/ref=sd_allcat_mp3_acp/185-2659415-1292738
34,amazon,Cloud Player for Android,http://www.amazon.com/gp/feature.html/ref=sd_allcat_mp3_and/185-2659415-1292738?ie=UTF8&docId=1000454841
34,amazon,Cloud Player for iOS,http://www.amazon.com/gp/feature.html/ref=sd_allcat_mp3_ios/185-2659415-1292738?ie=UTF8&docId=1000776061
34,amazon,Cloud Player for Home,http://www.amazon.com/b/ref=sd_allcat_mp3_hm/185-2659415-1292738?ie=UTF8&node=2658409011
34,amazon,Your Cloud Drive,http://www.amazon.com/clouddrive/ref=sd_allcat_acd_urc/185-2659415-1292738
34,amazon,Cloud Drive Photos for Android,http://www.amazon.com/gp/feature.html/ref=sd_allcat_acd_photo/185-2659415-1292738?ie=UTF8&docId=1000848741
34,amazon,Cloud Drive Photos for iPhone,http://www.amazon.com/gp/feature.html/ref=sd_allcat_acd_photo_ios/185-2659415-1292738?ie=UTF8&docId=1001206201
34,amazon,Learn More About Cloud Drive,http://www.amazon.com/gp/feature.html/ref=sd_allcat_acd_lrn/185-2659415-1292738?ie=UTF8&docId=1000796931
34,amazon,Kindle Cloud Reader,http://www.amazon.comhttps://www.amazon.com:443/gp/redirect.html/ref=sd_allcat_kcr/185-2659415-1292738?location=https://read.amazon.com/&token=34AD60CFC4DCD7A97D4E2F4A4A7C4149FBEEF236
35,amazon,Cloud Player for PC,http://www.amazon.com/gp/feature.html/ref=sd_allcat_mp3_pc/185-2659415-1292738?ie=UTF8&docId=1001067901
35,amazon,Cloud Player for Web,http://www.amazon.com/gp/dmusic/marketing/CloudPlayerLaunchPage/ref=sd_allcat_mp3_acp/185-2659415-1292738
35,amazon,Cloud Player for Android,http://www.amazon.com/gp/feature.html/ref=sd_allcat_mp3_and/185-2659415-1292738?ie=UTF8&docId=1000454841
35,amazon,Cloud Player for iOS,http://www.amazon.com/gp/feature.html/ref=sd_allcat_mp3_ios/185-2659415-1292738?ie=UTF8&docId=1000776061
35,amazon,Cloud Player for Home,http://www.amazon.com/b/ref=sd_allcat_mp3_hm/185-2659415-1292738?ie=UTF8&node=2658409011
35,amazon,Your Cloud Drive,http://www.amazon.com/clouddrive/ref=sd_allcat_acd_urc/185-2659415-1292738
35,amazon,Cloud Drive Photos for Android,http://www.amazon.com/gp/feature.html/ref=sd_allcat_acd_photo/185-2659415-1292738?ie=UTF8&docId=1000848741
35,amazon,Cloud Drive Photos for iPhone,http://www.amazon.com/gp/feature.html/ref=sd_allcat_acd_photo_ios/185-2659415-1292738?ie=UTF8&docId=1001206201
35,amazon,Learn More About Cloud Drive,http://www.amazon.com/gp/feature.html/ref=sd_allcat_acd_lrn/185-2659415-1292738?ie=UTF8&docId=1000796931
35,amazon,Kindle Cloud Reader,http://www.amazon.comhttps://www.amazon.com:443/gp/redirect.html/ref=sd_allcat_kcr/185-2659415-1292738?location=https://read.amazon.com/&token=34AD60CFC4DCD7A97D4E2F4A4A7C4149FBEEF236
36,amazon,Cloud Player for Web,http://www.amazon.com/gp/dmusic/marketing/CloudPlayerLaunchPage/ref=sd_allcat_mp3_acp/185-2659415-1292738
36,amazon,Cloud Player for PC,http://www.amazon.com/gp/feature.html/ref=sd_allcat_mp3_pc/185-2659415-1292738?ie=UTF8&docId=1001067901
36,amazon,Cloud Player for Android,http://www.amazon.com/gp/feature.html/ref=sd_allcat_mp3_and/185-2659415-1292738?ie=UTF8&docId=1000454841
36,amazon,Cloud Player for iOS,http://www.amazon.com/gp/feature.html/ref=sd_allcat_mp3_ios/185-2659415-1292738?ie=UTF8&docId=1000776061
36,amazon,Cloud Player for Home,http://www.amazon.com/b/ref=sd_allcat_mp3_hm/185-2659415-1292738?ie=UTF8&node=2658409011
36,amazon,Your Cloud Drive,http://www.amazon.com/clouddrive/ref=sd_allcat_acd_urc/185-2659415-1292738
36,amazon,Cloud Drive Photos for Android,http://www.amazon.com/gp/feature.html/ref=sd_allcat_acd_photo/185-2659415-1292738?ie=UTF8&docId=1000848741
36,amazon,Cloud Drive Photos for iPhone,http://www.amazon.com/gp/feature.html/ref=sd_allcat_acd_photo_ios/185-2659415-1292738?ie=UTF8&docId=1001206201
36,amazon,Learn More About Cloud Drive,http://www.amazon.com/gp/feature.html/ref=sd_allcat_acd_lrn/185-2659415-1292738?ie=UTF8&docId=1000796931
36,amazon,Kindle Cloud Reader,http://www.amazon.comhttps://www.amazon.com:443/gp/redirect.html/ref=sd_allcat_kcr/185-2659415-1292738?location=https://read.amazon.com/&token=34AD60CFC4DCD7A97D4E2F4A4A7C4149FBEEF236
37,amazon,Cloud Drive Photos for Android,http://www.amazon.com/gp/feature.html/ref=sd_allcat_acd_photo/185-2659415-1292738?ie=UTF8&docId=1000848741
37,amazon,Cloud Drive Photos for iPhone,http://www.amazon.com/gp/feature.html/ref=sd_allcat_acd_photo_ios/185-2659415-1292738?ie=UTF8&docId=1001206201
37,walmart,Photo Center,http://photos.walmart.com/walmart/welcome?povid=cat121828-env999999-moduleA072012-lLinkGNAV5_PhotoCenter
37,amazon,Your Cloud Drive,http://www.amazon.com/clouddrive/ref=sd_allcat_acd_urc/185-2659415-1292738
37,amazon,Learn More About Cloud Drive,http://www.amazon.com/gp/feature.html/ref=sd_allcat_acd_lrn/185-2659415-1292738?ie=UTF8&docId=1000796931
37,amazon,Test Drive Apps,http://www.amazon.com/b/ref=sd_allcat_adr_testd/185-2659415-1292738?ie=UTF8&node=3071729011
37,amazon,Cloud Player for PC,http://www.amazon.com/gp/feature.html/ref=sd_allcat_mp3_pc/185-2659415-1292738?ie=UTF8&docId=1001067901
37,amazon,Cloud Player for Web,http://www.amazon.com/gp/dmusic/marketing/CloudPlayerLaunchPage/ref=sd_allcat_mp3_acp/185-2659415-1292738
37,amazon,Cloud Player for Android,http://www.amazon.com/gp/feature.html/ref=sd_allcat_mp3_and/185-2659415-1292738?ie=UTF8&docId=1000454841
37,amazon,Cloud Player for iOS,http://www.amazon.com/gp/feature.html/ref=sd_allcat_mp3_ios/185-2659415-1292738?ie=UTF8&docId=1000776061
37,amazon,Cloud Player for Home,http://www.amazon.com/b/ref=sd_allcat_mp3_hm/185-2659415-1292738?ie=UTF8&node=2658409011
37,amazon,Kindle Cloud Reader,http://www.amazon.comhttps://www.amazon.com:443/gp/redirect.html/ref=sd_allcat_kcr/185-2659415-1292738?location=https://read.amazon.com/&token=34AD60CFC4DCD7A97D4E2F4A4A7C4149FBEEF236
38,amazon,Get the Desktop App,http://www.amazon.com/gp/feature.html/ref=sd_allcat_acd_dsktopapp/185-2659415-1292738?ie=UTF8&docId=1000796781
38,amazon,Free Kindle Reading Apps,http://www.amazon.com/gp/feature.html/ref=sd_allcat_karl/185-2659415-1292738?ie=UTF8&docId=1000493771
38,amazon,Apps,http://www.amazon.com/mobile-apps/b/ref=sd_allcat_adr_app/185-2659415-1292738?ie=UTF8&node=2350149011
38,amazon,Test Drive Apps,http://www.amazon.com/b/ref=sd_allcat_adr_testd/185-2659415-1292738?ie=UTF8&node=3071729011
38,amazon,Amazon Apps,http://www.amazon.com/gp/feature.html/ref=sd_allcat_adr_amz/185-2659415-1292738?ie=UTF8&docId=1000645111
38,amazon,Your Apps and Devices,http://www.amazon.com/gp/mas/your-account/myapps/ref=sd_allcat_adr_yad/185-2659415-1292738
38,amazon,Your Cloud Drive,http://www.amazon.com/clouddrive/ref=sd_allcat_acd_urc/185-2659415-1292738
38,amazon,Cloud Drive Photos for Android,http://www.amazon.com/gp/feature.html/ref=sd_allcat_acd_photo/185-2659415-1292738?ie=UTF8&docId=1000848741
38,amazon,Cloud Drive Photos for iPhone,http://www.amazon.com/gp/feature.html/ref=sd_allcat_acd_photo_ios/185-2659415-1292738?ie=UTF8&docId=1001206201
38,amazon,Learn More About Cloud Drive,http://www.amazon.com/gp/feature.html/ref=sd_allcat_acd_lrn/185-2659415-1292738?ie=UTF8&docId=1000796931
38,amazon,Cloud Player for PC,http://www.amazon.com/gp/feature.html/ref=sd_allcat_mp3_pc/185-2659415-1292738?ie=UTF8&docId=1001067901
38,amazon,Cloud Player for Web,http://www.amazon.com/gp/dmusic/marketing/CloudPlayerLaunchPage/ref=sd_allcat_mp3_acp/185-2659415-1292738
38,amazon,Cloud Player for Android,http://www.amazon.com/gp/feature.html/ref=sd_allcat_mp3_and/185-2659415-1292738?ie=UTF8&docId=1000454841
38,amazon,Cloud Player for iOS,http://www.amazon.com/gp/feature.html/ref=sd_allcat_mp3_ios/185-2659415-1292738?ie=UTF8&docId=1000776061
38,amazon,Cloud Player for Home,http://www.amazon.com/b/ref=sd_allcat_mp3_hm/185-2659415-1292738?ie=UTF8&node=2658409011
38,amazon,Kindle Cloud Reader,http://www.amazon.comhttps://www.amazon.com:443/gp/redirect.html/ref=sd_allcat_kcr/185-2659415-1292738?location=https://read.amazon.com/&token=34AD60CFC4DCD7A97D4E2F4A4A7C4149FBEEF236
38,amazon,Music on Kindle Fire,http://www.amazon.com/gp/feature.html/ref=sd_allcat_fire_music/185-2659415-1292738?ie=UTF8&docId=1000825251
38,amazon,Kindle,http://www.amazon.com/dp/B007HCCNJU/ref=sd_allcat_kdptq/185-2659415-1292738
38,amazon,Kindle Paperwhite,http://www.amazon.com/dp/B007OZNZG0/ref=sd_allcat_kdpclw/185-2659415-1292738
38,amazon,Kindle Paperwhite 3G,http://www.amazon.com/dp/B007OZNUCE/ref=sd_allcat_kdpclwn/185-2659415-1292738
38,amazon,Kindle E-reader Accessories,http://www.amazon.com/b/ref=sd_allcat_kacce/185-2659415-1292738?ie=UTF8&node=5916440011
38,amazon,Kindle Books,http://www.amazon.com/Kindle-eBooks/b/ref=sd_allcat_kbo/185-2659415-1292738?ie=UTF8&node=1286228011
38,amazon,Kindle Owners' Lending Library,http://www.amazon.com/gp/redirect.html/ref=sd_allcat_kds/185-2659415-1292738?ie=UTF8&location=%2Fkindlelendinglibrary
38,amazon,Kindle Fire Accessories,http://www.amazon.com/b/ref=sd_allcat_kaccf/185-2659415-1292738?ie=UTF8&node=5916439011
38,amazon,Manage Your Kindle,http://www.amazon.com/gp/digital/fiona/manage/ref=sd_allcat_myk/185-2659415-1292738
39,amazon,Learn More About Cloud Drive,http://www.amazon.com/gp/feature.html/ref=sd_allcat_acd_lrn/185-2659415-1292738?ie=UTF8&docId=1000796931
39,amazon,Your Cloud Drive,http://www.amazon.com/clouddrive/ref=sd_allcat_acd_urc/185-2659415-1292738
39,amazon,Cloud Drive Photos for Android,http://www.amazon.com/gp/feature.html/ref=sd_allcat_acd_photo/185-2659415-1292738?ie=UTF8&docId=1000848741
39,amazon,Cloud Drive Photos for iPhone,http://www.amazon.com/gp/feature.html/ref=sd_allcat_acd_photo_ios/185-2659415-1292738?ie=UTF8&docId=1001206201
39,amazon,Test Drive Apps,http://www.amazon.com/b/ref=sd_allcat_adr_testd/185-2659415-1292738?ie=UTF8&node=3071729011
39,amazon,Cloud Player for PC,http://www.amazon.com/gp/feature.html/ref=sd_allcat_mp3_pc/185-2659415-1292738?ie=UTF8&docId=1001067901
39,amazon,Cloud Player for Web,http://www.amazon.com/gp/dmusic/marketing/CloudPlayerLaunchPage/ref=sd_allcat_mp3_acp/185-2659415-1292738
39,amazon,Cloud Player for Android,http://www.amazon.com/gp/feature.html/ref=sd_allcat_mp3_and/185-2659415-1292738?ie=UTF8&docId=1000454841
39,amazon,Cloud Player for iOS,http://www.amazon.com/gp/feature.html/ref=sd_allcat_mp3_ios/185-2659415-1292738?ie=UTF8&docId=1000776061
39,amazon,Cloud Player for Home,http://www.amazon.com/b/ref=sd_allcat_mp3_hm/185-2659415-1292738?ie=UTF8&node=2658409011
39,amazon,Kindle Cloud Reader,http://www.amazon.comhttps://www.amazon.com:443/gp/redirect.html/ref=sd_allcat_kcr/185-2659415-1292738?location=https://read.amazon.com/&token=34AD60CFC4DCD7A97D4E2F4A4A7C4149FBEEF236
40,amazon,Get the Desktop App,http://www.amazon.com/gp/feature.html/ref=sd_allcat_acd_dsktopapp/185-2659415-1292738?ie=UTF8&docId=1000796781
40,amazon,Free Kindle Reading Apps,http://www.amazon.com/gp/feature.html/ref=sd_allcat_karl/185-2659415-1292738?ie=UTF8&docId=1000493771
40,amazon,Apps,http://www.amazon.com/mobile-apps/b/ref=sd_allcat_adr_app/185-2659415-1292738?ie=UTF8&node=2350149011
40,amazon,Test Drive Apps,http://www.amazon.com/b/ref=sd_allcat_adr_testd/185-2659415-1292738?ie=UTF8&node=3071729011
40,amazon,Amazon Apps,http://www.amazon.com/gp/feature.html/ref=sd_allcat_adr_amz/185-2659415-1292738?ie=UTF8&docId=1000645111
40,amazon,Your Apps and Devices,http://www.amazon.com/gp/mas/your-account/myapps/ref=sd_allcat_adr_yad/185-2659415-1292738
40,amazon,Your Cloud Drive,http://www.amazon.com/clouddrive/ref=sd_allcat_acd_urc/185-2659415-1292738
40,amazon,Cloud Drive Photos for Android,http://www.amazon.com/gp/feature.html/ref=sd_allcat_acd_photo/185-2659415-1292738?ie=UTF8&docId=1000848741
40,amazon,Cloud Drive Photos for iPhone,http://www.amazon.com/gp/feature.html/ref=sd_allcat_acd_photo_ios/185-2659415-1292738?ie=UTF8&docId=1001206201
40,amazon,Learn More About Cloud Drive,http://www.amazon.com/gp/feature.html/ref=sd_allcat_acd_lrn/185-2659415-1292738?ie=UTF8&docId=1000796931
41,amazon,Music on Kindle Fire,http://www.amazon.com/gp/feature.html/ref=sd_allcat_fire_music/185-2659415-1292738?ie=UTF8&docId=1000825251
41,amazon,Fire,http://www.amazon.com/dp/B0083Q04IQ/ref=sd_allcat_kdpo2/185-2659415-1292738
41,amazon,Fire HD,http://www.amazon.com/dp/B0083PWAPW/ref=sd_allcat_kdpt/185-2659415-1292738
41,amazon,"Fire HD 8.9""",http://www.amazon.com/dp/B008GFRE5A/ref=sd_allcat_kdpj/185-2659415-1292738
41,amazon,"Fire HD 8.9"" 4G",http://www.amazon.com/dp/B008GFRDL0/ref=sd_allcat_kdpjw/185-2659415-1292738
41,amazon,Kindle Fire Accessories,http://www.amazon.com/b/ref=sd_allcat_kaccf/185-2659415-1292738?ie=UTF8&node=5916439011
41,amazon,MP3 Music Store,http://www.amazon.com/MP3-Music-Download/b/ref=sd_allcat_mp3_str/185-2659415-1292738?ie=UTF8&node=163856011
41,amazon,Music,http://www.amazon.com/music-rock-classical-pop-jazz/b/ref=sd_allcat_mu/185-2659415-1292738?ie=UTF8&node=5174
41,amazon,Musical Instruments,http://www.amazon.com/musical-instruments-accessories-sound-recording/b/ref=sd_allcat_mi/185-2659415-1292738?ie=UTF8&node=11091801
41,bestbuy,Movies & Music,http://www.bestbuy.com/site/Electronics/Music-Movies/abcat0600000.c?id=abcat0600000
41,bestbuy,Musical Instruments,http://www.bestbuy.com/site/Audio/Musical-Instruments/abcat0207000.c?id=abcat0207000
41,walmart,Music,http://www.walmart.com/cp/Music/4104?povid=cat121828-env999999-moduleA072012-lLinkGNAV4_Music
41,amazon,Kindle,http://www.amazon.com/dp/B007HCCNJU/ref=sd_allcat_kdptq/185-2659415-1292738
41,amazon,Kindle Paperwhite,http://www.amazon.com/dp/B007OZNZG0/ref=sd_allcat_kdpclw/185-2659415-1292738
41,amazon,Kindle Paperwhite 3G,http://www.amazon.com/dp/B007OZNUCE/ref=sd_allcat_kdpclwn/185-2659415-1292738
41,amazon,Kindle E-reader Accessories,http://www.amazon.com/b/ref=sd_allcat_kacce/185-2659415-1292738?ie=UTF8&node=5916440011
41,amazon,Kindle Books,http://www.amazon.com/Kindle-eBooks/b/ref=sd_allcat_kbo/185-2659415-1292738?ie=UTF8&node=1286228011
41,amazon,Kindle Owners' Lending Library,http://www.amazon.com/gp/redirect.html/ref=sd_allcat_kds/185-2659415-1292738?ie=UTF8&location=%2Fkindlelendinglibrary
41,amazon,Kindle Cloud Reader,http://www.amazon.comhttps://www.amazon.com:443/gp/redirect.html/ref=sd_allcat_kcr/185-2659415-1292738?location=https://read.amazon.com/&token=34AD60CFC4DCD7A97D4E2F4A4A7C4149FBEEF236
41,amazon,Free Kindle Reading Apps,http://www.amazon.com/gp/feature.html/ref=sd_allcat_karl/185-2659415-1292738?ie=UTF8&docId=1000493771
41,amazon,Manage Your Kindle,http://www.amazon.com/gp/digital/fiona/manage/ref=sd_allcat_myk/185-2659415-1292738
42,amazon,MP3 Music Store,http://www.amazon.com/MP3-Music-Download/b/ref=sd_allcat_mp3_str/185-2659415-1292738?ie=UTF8&node=163856011
42,amazon,MP3 Downloads,http://www.amazon.com/MP3-Music-Download/b/ref=sd_allcat_dmusic/185-2659415-1292738?ie=UTF8&node=163856011
42,bestbuy,Audio & MP3,http://www.bestbuy.com/site/Electronics/Audio/abcat0200000.c?id=abcat0200000
42,walmart,Super Heroes Store,http://www.walmart.com/cp/1099404?povid=cat121828-env999999-moduleA112212-lLinkGNAV1_Campaign_SuperHerosSuperStore
42,amazon,Music on Kindle Fire,http://www.amazon.com/gp/feature.html/ref=sd_allcat_fire_music/185-2659415-1292738?ie=UTF8&docId=1000825251
42,amazon,Music,http://www.amazon.com/music-rock-classical-pop-jazz/b/ref=sd_allcat_mu/185-2659415-1292738?ie=UTF8&node=5174
42,amazon,Musical Instruments,http://www.amazon.com/musical-instruments-accessories-sound-recording/b/ref=sd_allcat_mi/185-2659415-1292738?ie=UTF8&node=11091801
42,bestbuy,Movies & Music,http://www.bestbuy.com/site/Electronics/Music-Movies/abcat0600000.c?id=abcat0600000
42,bestbuy,Musical Instruments,http://www.bestbuy.com/site/Audio/Musical-Instruments/abcat0207000.c?id=abcat0207000
42,walmart,Music,http://www.walmart.com/cp/Music/4104?povid=cat121828-env999999-moduleA072012-lLinkGNAV4_Music
43,walmart,Super Heroes Store,http://www.walmart.com/cp/1099404?povid=cat121828-env999999-moduleA112212-lLinkGNAV1_Campaign_SuperHerosSuperStore
43,amazon,MP3 Music Store,http://www.amazon.com/MP3-Music-Download/b/ref=sd_allcat_mp3_str/185-2659415-1292738?ie=UTF8&node=163856011
44,amazon,Home & Portable Audio,http://www.amazon.com/b/ref=sd_allcat_portable_audio/185-2659415-1292738?ie=UTF8&node=7012551011
44,amazon,Home Improvement,http://www.amazon.com/Tools-and-Home-Improvement/b/ref=sd_allcat_hi2/185-2659415-1292738?ie=UTF8&node=228013
44,bestbuy,Home,http://www.bestbuy.com/site/Electronics/Home/pcmcat248700050021.c?id=pcmcat248700050021
44,bjs,Home,http://www.bjs.com/home.category.385.2000199
44,overstock,Home & Garden,http://www.overstock.com/Home-Garden/1/store.html
44,walmart,Home,http://www.walmart.com/cp/For-the-Home/4044?povid=cat121828-env999999-moduleA072012-lLinkGNAV3_Home
44,walmart,Home Improvement,http://www.walmart.com/cp/Home-Improvement/1072864?povid=cat121828-env999999-moduleA072012-lLinkGNAV3_HomeImprovement_HomeImprovement
44,wayfair,Home Improvement,http://www.wayfair.com/Home-Improvement-C45342.html
44,bestbuy,Audio & MP3,http://www.bestbuy.com/site/Electronics/Audio/abcat0200000.c?id=abcat0200000
45,amazon,"Patio, Lawn & Garden",http://www.amazon.com/Patio-Lawn-Garden/b/ref=sd_allcat_lp/185-2659415-1292738?ie=UTF8&node=2972638011
45,walmart,Patio & Garden,http://www.walmart.com/cp/patio-garden/5428?povid=cat121828-env999999-moduleA072012-lLinkGNAV4_PatioGarden
45,overstock,Home & Garden,http://www.overstock.com/Home-Garden/1/store.html
46,amazon,Get the Desktop App,http://www.amazon.com/gp/feature.html/ref=sd_allcat_acd_dsktopapp/185-2659415-1292738?ie=UTF8&docId=1000796781
46,amazon,Free Kindle Reading Apps,http://www.amazon.com/gp/feature.html/ref=sd_allcat_karl/185-2659415-1292738?ie=UTF8&docId=1000493771
46,amazon,Apps,http://www.amazon.com/mobile-apps/b/ref=sd_allcat_adr_app/185-2659415-1292738?ie=UTF8&node=2350149011
46,amazon,Test Drive Apps,http://www.amazon.com/b/ref=sd_allcat_adr_testd/185-2659415-1292738?ie=UTF8&node=3071729011
46,amazon,Amazon Apps,http://www.amazon.com/gp/feature.html/ref=sd_allcat_adr_amz/185-2659415-1292738?ie=UTF8&docId=1000645111
46,amazon,Your Apps and Devices,http://www.amazon.com/gp/mas/your-account/myapps/ref=sd_allcat_adr_yad/185-2659415-1292738
46,amazon,Music on Kindle Fire,http://www.amazon.com/gp/feature.html/ref=sd_allcat_fire_music/185-2659415-1292738?ie=UTF8&docId=1000825251
46,amazon,Kindle,http://www.amazon.com/dp/B007HCCNJU/ref=sd_allcat_kdptq/185-2659415-1292738
46,amazon,Kindle Paperwhite,http://www.amazon.com/dp/B007OZNZG0/ref=sd_allcat_kdpclw/185-2659415-1292738
46,amazon,Kindle Paperwhite 3G,http://www.amazon.com/dp/B007OZNUCE/ref=sd_allcat_kdpclwn/185-2659415-1292738
46,amazon,Kindle E-reader Accessories,http://www.amazon.com/b/ref=sd_allcat_kacce/185-2659415-1292738?ie=UTF8&node=5916440011
46,amazon,Kindle Books,http://www.amazon.com/Kindle-eBooks/b/ref=sd_allcat_kbo/185-2659415-1292738?ie=UTF8&node=1286228011
46,amazon,Kindle Owners' Lending Library,http://www.amazon.com/gp/redirect.html/ref=sd_allcat_kds/185-2659415-1292738?ie=UTF8&location=%2Fkindlelendinglibrary
46,amazon,Kindle Fire Accessories,http://www.amazon.com/b/ref=sd_allcat_kaccf/185-2659415-1292738?ie=UTF8&node=5916439011
46,amazon,Kindle Cloud Reader,http://www.amazon.comhttps://www.amazon.com:443/gp/redirect.html/ref=sd_allcat_kcr/185-2659415-1292738?location=https://read.amazon.com/&token=34AD60CFC4DCD7A97D4E2F4A4A7C4149FBEEF236
46,amazon,Manage Your Kindle,http://www.amazon.com/gp/digital/fiona/manage/ref=sd_allcat_myk/185-2659415-1292738
47,amazon,Free Kindle Reading Apps,http://www.amazon.com/gp/feature.html/ref=sd_allcat_karl/185-2659415-1292738?ie=UTF8&docId=1000493771
47,amazon,Music on Kindle Fire,http://www.amazon.com/gp/feature.html/ref=sd_allcat_fire_music/185-2659415-1292738?ie=UTF8&docId=1000825251
47,amazon,Kindle,http://www.amazon.com/dp/B007HCCNJU/ref=sd_allcat_kdptq/185-2659415-1292738
47,amazon,Kindle Paperwhite,http://www.amazon.com/dp/B007OZNZG0/ref=sd_allcat_kdpclw/185-2659415-1292738
47,amazon,Kindle Paperwhite 3G,http://www.amazon.com/dp/B007OZNUCE/ref=sd_allcat_kdpclwn/185-2659415-1292738
47,amazon,Kindle E-reader Accessories,http://www.amazon.com/b/ref=sd_allcat_kacce/185-2659415-1292738?ie=UTF8&node=5916440011
47,amazon,Kindle Books,http://www.amazon.com/Kindle-eBooks/b/ref=sd_allcat_kbo/185-2659415-1292738?ie=UTF8&node=1286228011
47,amazon,Kindle Owners' Lending Library,http://www.amazon.com/gp/redirect.html/ref=sd_allcat_kds/185-2659415-1292738?ie=UTF8&location=%2Fkindlelendinglibrary
47,amazon,Kindle Fire Accessories,http://www.amazon.com/b/ref=sd_allcat_kaccf/185-2659415-1292738?ie=UTF8&node=5916439011
47,amazon,Kindle Cloud Reader,http://www.amazon.comhttps://www.amazon.com:443/gp/redirect.html/ref=sd_allcat_kcr/185-2659415-1292738?location=https://read.amazon.com/&token=34AD60CFC4DCD7A97D4E2F4A4A7C4149FBEEF236
47,amazon,Manage Your Kindle,http://www.amazon.com/gp/digital/fiona/manage/ref=sd_allcat_myk/185-2659415-1292738
48,amazon,Get the Desktop App,http://www.amazon.com/gp/feature.html/ref=sd_allcat_acd_dsktopapp/185-2659415-1292738?ie=UTF8&docId=1000796781
48,amazon,Free Kindle Reading Apps,http://www.amazon.com/gp/feature.html/ref=sd_allcat_karl/185-2659415-1292738?ie=UTF8&docId=1000493771
48,amazon,Apps,http://www.amazon.com/mobile-apps/b/ref=sd_allcat_adr_app/185-2659415-1292738?ie=UTF8&node=2350149011
48,amazon,Test Drive Apps,http://www.amazon.com/b/ref=sd_allcat_adr_testd/185-2659415-1292738?ie=UTF8&node=3071729011
48,amazon,Amazon Apps,http://www.amazon.com/gp/feature.html/ref=sd_allcat_adr_amz/185-2659415-1292738?ie=UTF8&docId=1000645111
48,amazon,Your Apps and Devices,http://www.amazon.com/gp/mas/your-account/myapps/ref=sd_allcat_adr_yad/185-2659415-1292738
48,amazon,Music on Kindle Fire,http://www.amazon.com/gp/feature.html/ref=sd_allcat_fire_music/185-2659415-1292738?ie=UTF8&docId=1000825251
48,amazon,Kindle,http://www.amazon.com/dp/B007HCCNJU/ref=sd_allcat_kdptq/185-2659415-1292738
48,amazon,Kindle Paperwhite,http://www.amazon.com/dp/B007OZNZG0/ref=sd_allcat_kdpclw/185-2659415-1292738
48,amazon,Kindle Paperwhite 3G,http://www.amazon.com/dp/B007OZNUCE/ref=sd_allcat_kdpclwn/185-2659415-1292738
48,amazon,Kindle E-reader Accessories,http://www.amazon.com/b/ref=sd_allcat_kacce/185-2659415-1292738?ie=UTF8&node=5916440011
48,amazon,Kindle Books,http://www.amazon.com/Kindle-eBooks/b/ref=sd_allcat_kbo/185-2659415-1292738?ie=UTF8&node=1286228011
48,amazon,Kindle Owners' Lending Library,http://www.amazon.com/gp/redirect.html/ref=sd_allcat_kds/185-2659415-1292738?ie=UTF8&location=%2Fkindlelendinglibrary
48,amazon,Kindle Fire Accessories,http://www.amazon.com/b/ref=sd_allcat_kaccf/185-2659415-1292738?ie=UTF8&node=5916439011
48,amazon,Kindle Cloud Reader,http://www.amazon.comhttps://www.amazon.com:443/gp/redirect.html/ref=sd_allcat_kcr/185-2659415-1292738?location=https://read.amazon.com/&token=34AD60CFC4DCD7A97D4E2F4A4A7C4149FBEEF236
48,amazon,Manage Your Kindle,http://www.amazon.com/gp/digital/fiona/manage/ref=sd_allcat_myk/185-2659415-1292738
49,amazon,Amazon Instant Video,http://www.amazon.com/Instant-Video/b/ref=sd_allcat_atv/185-2659415-1292738?ie=UTF8&node=2858778011
49,amazon,Video Games,http://www.amazon.com/computer-video-games-hardware-accessories/b/ref=sd_allcat_cvg/185-2659415-1292738?ie=UTF8&node=468642
49,amazon,Camera & Video,http://www.amazon.com/b/ref=sd_allcat_camera_video/185-2659415-1292738?ie=UTF8&node=6996805011
49,amazon,Video Games & Consoles,http://www.amazon.com/b/ref=sd_allcat_video_games_consoles/185-2659415-1292738?ie=UTF8&node=7021207011
49,amazon,Video Games for Kids,http://www.amazon.com/Kids-Family/b/ref=sd_allcat_cvg/185-2659415-1292738?ie=UTF8&node=471306
49,bestbuy,Video Games,http://www.bestbuy.com/site/Electronics/Video-Games/abcat0700000.c?id=abcat0700000
49,walmart,Video Games,http://www.walmart.com/cp/Video-Games/2636?povid=cat121828-env999999-moduleA072012-lLinkGNAV5_VideoGames
49,amazon,Amazon Apps,http://www.amazon.com/gp/feature.html/ref=sd_allcat_adr_amz/185-2659415-1292738?ie=UTF8&docId=1000645111
49,amazon,Amazon Mom,http://www.amazon.com/gp/mom/signup/ref=sd_allcat_mom/185-2659415-1292738
49,amazon,Get the Desktop App,http://www.amazon.com/gp/feature.html/ref=sd_allcat_acd_dsktopapp/185-2659415-1292738?ie=UTF8&docId=1000796781
49,amazon,Free Kindle Reading Apps,http://www.amazon.com/gp/feature.html/ref=sd_allcat_karl/185-2659415-1292738?ie=UTF8&docId=1000493771
49,amazon,Apps,http://www.amazon.com/mobile-apps/b/ref=sd_allcat_adr_app/185-2659415-1292738?ie=UTF8&node=2350149011
49,amazon,Test Drive Apps,http://www.amazon.com/b/ref=sd_allcat_adr_testd/185-2659415-1292738?ie=UTF8&node=3071729011
49,amazon,Your Apps and Devices,http://www.amazon.com/gp/mas/your-account/myapps/ref=sd_allcat_adr_yad/185-2659415-1292738
49,amazon,Music on Kindle Fire,http://www.amazon.com/gp/feature.html/ref=sd_allcat_fire_music/185-2659415-1292738?ie=UTF8&docId=1000825251
49,amazon,Kindle,http://www.amazon.com/dp/B007HCCNJU/ref=sd_allcat_kdptq/185-2659415-1292738
49,amazon,Kindle Paperwhite,http://www.amazon.com/dp/B007OZNZG0/ref=sd_allcat_kdpclw/185-2659415-1292738
49,amazon,Kindle Paperwhite 3G,http://www.amazon.com/dp/B007OZNUCE/ref=sd_allcat_kdpclwn/185-2659415-1292738
49,amazon,Kindle E-reader Accessories,http://www.amazon.com/b/ref=sd_allcat_kacce/185-2659415-1292738?ie=UTF8&node=5916440011
49,amazon,Kindle Books,http://www.amazon.com/Kindle-eBooks/b/ref=sd_allcat_kbo/185-2659415-1292738?ie=UTF8&node=1286228011
49,amazon,Kindle Owners' Lending Library,http://www.amazon.com/gp/redirect.html/ref=sd_allcat_kds/185-2659415-1292738?ie=UTF8&location=%2Fkindlelendinglibrary
49,amazon,Kindle Fire Accessories,http://www.amazon.com/b/ref=sd_allcat_kaccf/185-2659415-1292738?ie=UTF8&node=5916439011
49,amazon,Kindle Cloud Reader,http://www.amazon.comhttps://www.amazon.com:443/gp/redirect.html/ref=sd_allcat_kcr/185-2659415-1292738?location=https://read.amazon.com/&token=34AD60CFC4DCD7A97D4E2F4A4A7C4149FBEEF236
49,amazon,Manage Your Kindle,http://www.amazon.com/gp/digital/fiona/manage/ref=sd_allcat_myk/185-2659415-1292738
49,amazon,Your Games & Software Library,http://www.amazon.com/gp/swvgdtt/your-account/manage-downloads.html/ref=sd_allcat_dgs_gsl/185-2659415-1292738
49,amazon,Games,http://www.amazon.com/b/ref=sd_allcat_adr_gam/185-2659415-1292738?ie=UTF8&node=2478844011
49,amazon,Digital Games,http://www.amazon.com/Game-Downloads/b/ref=sd_allcat_dgs_gam/185-2659415-1292738?ie=UTF8&node=979455011
49,amazon,Free-to-Play Games,http://www.amazon.com/b/ref=sd_allcat_dgs_ftp/185-2659415-1292738?ie=UTF8&node=5267605011
49,amazon,Toys & Games,http://www.amazon.com/toys/b/ref=sd_allcat_tg/185-2659415-1292738?ie=UTF8&node=165793011
49,bestbuy,Toys & Games,http://www.bestbuy.com/site/Home/Toys-Games/pcmcat252700050006.c?id=pcmcat252700050006
49,walmart,Game Time,http://www.walmart.com/cp/1091906?povid=cat121828-env999999-moduleA072012-lLinkGNAV1_Campaign_GameTime
50,amazon,Amazon Instant Video,http://www.amazon.com/Instant-Video/b/ref=sd_allcat_atv/185-2659415-1292738?ie=UTF8&node=2858778011
50,amazon,Video Games,http://www.amazon.com/computer-video-games-hardware-accessories/b/ref=sd_allcat_cvg/185-2659415-1292738?ie=UTF8&node=468642
50,amazon,Camera & Video,http://www.amazon.com/b/ref=sd_allcat_camera_video/185-2659415-1292738?ie=UTF8&node=6996805011
50,amazon,Video Games & Consoles,http://www.amazon.com/b/ref=sd_allcat_video_games_consoles/185-2659415-1292738?ie=UTF8&node=7021207011
50,amazon,Video Games for Kids,http://www.amazon.com/Kids-Family/b/ref=sd_allcat_cvg/185-2659415-1292738?ie=UTF8&node=471306
50,bestbuy,Video Games,http://www.bestbuy.com/site/Electronics/Video-Games/abcat0700000.c?id=abcat0700000
50,walmart,Video Games,http://www.walmart.com/cp/Video-Games/2636?povid=cat121828-env999999-moduleA072012-lLinkGNAV5_VideoGames
50,amazon,Amazon Apps,http://www.amazon.com/gp/feature.html/ref=sd_allcat_adr_amz/185-2659415-1292738?ie=UTF8&docId=1000645111
50,amazon,Amazon Mom,http://www.amazon.com/gp/mom/signup/ref=sd_allcat_mom/185-2659415-1292738
51,amazon,Get the Desktop App,http://www.amazon.com/gp/feature.html/ref=sd_allcat_acd_dsktopapp/185-2659415-1292738?ie=UTF8&docId=1000796781
51,amazon,Free Kindle Reading Apps,http://www.amazon.com/gp/feature.html/ref=sd_allcat_karl/185-2659415-1292738?ie=UTF8&docId=1000493771
51,amazon,Apps,http://www.amazon.com/mobile-apps/b/ref=sd_allcat_adr_app/185-2659415-1292738?ie=UTF8&node=2350149011
51,amazon,Test Drive Apps,http://www.amazon.com/b/ref=sd_allcat_adr_testd/185-2659415-1292738?ie=UTF8&node=3071729011
51,amazon,Amazon Apps,http://www.amazon.com/gp/feature.html/ref=sd_allcat_adr_amz/185-2659415-1292738?ie=UTF8&docId=1000645111
51,amazon,Your Apps and Devices,http://www.amazon.com/gp/mas/your-account/myapps/ref=sd_allcat_adr_yad/185-2659415-1292738
52,amazon,"Fire HD 8.9"" 4G",http://www.amazon.com/dp/B008GFRDL0/ref=sd_allcat_kdpjw/185-2659415-1292738
52,amazon,Fire HD,http://www.amazon.com/dp/B0083PWAPW/ref=sd_allcat_kdpt/185-2659415-1292738
52,amazon,"Fire HD 8.9""",http://www.amazon.com/dp/B008GFRE5A/ref=sd_allcat_kdpj/185-2659415-1292738
52,amazon,Music on Kindle Fire,http://www.amazon.com/gp/feature.html/ref=sd_allcat_fire_music/185-2659415-1292738?ie=UTF8&docId=1000825251
52,amazon,Fire,http://www.amazon.com/dp/B0083Q04IQ/ref=sd_allcat_kdpo2/185-2659415-1292738
52,amazon,Kindle Fire Accessories,http://www.amazon.com/b/ref=sd_allcat_kaccf/185-2659415-1292738?ie=UTF8&node=5916439011
53,amazon,"Fire HD 8.9""",http://www.amazon.com/dp/B008GFRE5A/ref=sd_allcat_kdpj/185-2659415-1292738
53,amazon,"Fire HD 8.9"" 4G",http://www.amazon.com/dp/B008GFRDL0/ref=sd_allcat_kdpjw/185-2659415-1292738
53,amazon,Fire HD,http://www.amazon.com/dp/B0083PWAPW/ref=sd_allcat_kdpt/185-2659415-1292738
53,amazon,Music on Kindle Fire,http://www.amazon.com/gp/feature.html/ref=sd_allcat_fire_music/185-2659415-1292738?ie=UTF8&docId=1000825251
53,amazon,Fire,http://www.amazon.com/dp/B0083Q04IQ/ref=sd_allcat_kdpo2/185-2659415-1292738
53,amazon,Kindle Fire Accessories,http://www.amazon.com/b/ref=sd_allcat_kaccf/185-2659415-1292738?ie=UTF8&node=5916439011
54,amazon,"Fire HD 8.9""",http://www.amazon.com/dp/B008GFRE5A/ref=sd_allcat_kdpj/185-2659415-1292738
54,amazon,"Fire HD 8.9"" 4G",http://www.amazon.com/dp/B008GFRDL0/ref=sd_allcat_kdpjw/185-2659415-1292738
54,amazon,Music on Kindle Fire,http://www.amazon.com/gp/feature.html/ref=sd_allcat_fire_music/185-2659415-1292738?ie=UTF8&docId=1000825251
54,amazon,Fire,http://www.amazon.com/dp/B0083Q04IQ/ref=sd_allcat_kdpo2/185-2659415-1292738
54,amazon,Fire HD,http://www.amazon.com/dp/B0083PWAPW/ref=sd_allcat_kdpt/185-2659415-1292738
54,amazon,Kindle Fire Accessories,http://www.amazon.com/b/ref=sd_allcat_kaccf/185-2659415-1292738?ie=UTF8&node=5916439011
55,amazon,Video Games & Consoles,http://www.amazon.com/b/ref=sd_allcat_video_games_consoles/185-2659415-1292738?ie=UTF8&node=7021207011
55,amazon,Amazon Instant Video,http://www.amazon.com/Instant-Video/b/ref=sd_allcat_atv/185-2659415-1292738?ie=UTF8&node=2858778011
55,amazon,Video Games,http://www.amazon.com/computer-video-games-hardware-accessories/b/ref=sd_allcat_cvg/185-2659415-1292738?ie=UTF8&node=468642
55,amazon,Camera & Video,http://www.amazon.com/b/ref=sd_allcat_camera_video/185-2659415-1292738?ie=UTF8&node=6996805011
55,amazon,Video Games for Kids,http://www.amazon.com/Kids-Family/b/ref=sd_allcat_cvg/185-2659415-1292738?ie=UTF8&node=471306
55,bestbuy,Video Games,http://www.bestbuy.com/site/Electronics/Video-Games/abcat0700000.c?id=abcat0700000
55,walmart,Video Games,http://www.walmart.com/cp/Video-Games/2636?povid=cat121828-env999999-moduleA072012-lLinkGNAV5_VideoGames
55,amazon,Games,http://www.amazon.com/b/ref=sd_allcat_adr_gam/185-2659415-1292738?ie=UTF8&node=2478844011
55,amazon,Digital Games,http://www.amazon.com/Game-Downloads/b/ref=sd_allcat_dgs_gam/185-2659415-1292738?ie=UTF8&node=979455011
55,amazon,Free-to-Play Games,http://www.amazon.com/b/ref=sd_allcat_dgs_ftp/185-2659415-1292738?ie=UTF8&node=5267605011
55,amazon,Your Games & Software Library,http://www.amazon.com/gp/swvgdtt/your-account/manage-downloads.html/ref=sd_allcat_dgs_gsl/185-2659415-1292738
55,amazon,Toys & Games,http://www.amazon.com/toys/b/ref=sd_allcat_tg/185-2659415-1292738?ie=UTF8&node=165793011
55,bestbuy,Toys & Games,http://www.bestbuy.com/site/Home/Toys-Games/pcmcat252700050006.c?id=pcmcat252700050006
55,walmart,Game Time,http://www.walmart.com/cp/1091906?povid=cat121828-env999999-moduleA072012-lLinkGNAV1_Campaign_GameTime
56,amazon,Digital Software,http://www.amazon.com/pc-mac-software-downloads/b/ref=sd_allcat_dgs_sft/185-2659415-1292738?ie=UTF8&node=1233514011
56,amazon,Your Games & Software Library,http://www.amazon.com/gp/swvgdtt/your-account/manage-downloads.html/ref=sd_allcat_dgs_gsl/185-2659415-1292738
56,amazon,Software,http://www.amazon.com/design-download-business-education-software/b/ref=sd_allcat_sw/185-2659415-1292738?ie=UTF8&node=229534
56,amazon,Digital Games,http://www.amazon.com/Game-Downloads/b/ref=sd_allcat_dgs_gam/185-2659415-1292738?ie=UTF8&node=979455011
56,amazon,Games,http://www.amazon.com/b/ref=sd_allcat_adr_gam/185-2659415-1292738?ie=UTF8&node=2478844011
56,amazon,Free-to-Play Games,http://www.amazon.com/b/ref=sd_allcat_dgs_ftp/185-2659415-1292738?ie=UTF8&node=5267605011
56,amazon,Video Games,http://www.amazon.com/computer-video-games-hardware-accessories/b/ref=sd_allcat_cvg/185-2659415-1292738?ie=UTF8&node=468642
56,amazon,Video Games & Consoles,http://www.amazon.com/b/ref=sd_allcat_video_games_consoles/185-2659415-1292738?ie=UTF8&node=7021207011
56,amazon,Toys & Games,http://www.amazon.com/toys/b/ref=sd_allcat_tg/185-2659415-1292738?ie=UTF8&node=165793011
56,amazon,Video Games for Kids,http://www.amazon.com/Kids-Family/b/ref=sd_allcat_cvg/185-2659415-1292738?ie=UTF8&node=471306
56,bestbuy,Video Games,http://www.bestbuy.com/site/Electronics/Video-Games/abcat0700000.c?id=abcat0700000
56,bestbuy,Toys & Games,http://www.bestbuy.com/site/Home/Toys-Games/pcmcat252700050006.c?id=pcmcat252700050006
56,walmart,Game Time,http://www.walmart.com/cp/1091906?povid=cat121828-env999999-moduleA072012-lLinkGNAV1_Campaign_GameTime
56,walmart,Video Games,http://www.walmart.com/cp/Video-Games/2636?povid=cat121828-env999999-moduleA072012-lLinkGNAV5_VideoGames
57,overstock,Main Street Revolution,http://www.overstock.com/Main-Street-Revolution/39/store.html
58,amazon,Grocery & Gourmet Food,http://www.amazon.com/grocery-breakfast-foods-snacks-organic/b/ref=sd_allcat_gro/185-2659415-1292738?ie=UTF8&node=16310101
58,walmart,Grocery,http://www.walmart.com/cp/Grocery/976759?povid=cat121828-env999999-moduleA072012-lLinkGNAV2_Grocery
58,walmart,Grocery Delivery,http://grocery.walmart.com/?povid=cat121828-env999999-moduleA072012-lLinkGNAV2_GroceryDeliveryBeta
59,amazon,"Arts, Crafts & Sewing",http://www.amazon.com/Arts-Crafts-Sewing/b/ref=sd_allcat_sch/185-2659415-1292738?ie=UTF8&node=2617941011
59,overstock,Crafts & Sewing,http://www.overstock.com/Crafts-Sewing/34/store.html
60,walmart,Empowering Women Together,http://www.walmart.com/cp/1094926?povid=cat121828-env999999-moduleA030713-lLinkGNAV1_Campaign_EmpoweringWomenTogether
61,overstock,Wounded Warrior Project,http://www.overstock.com/Wounded-Warrior-Project/41/store.html
62,amazon,Lamps & Light Fixtures,http://www.amazon.com/lighting-and-ceiling-fans/b/ref=sd_allcat_llf/185-2659415-1292738?ie=UTF8&node=495224
62,amazon,Kitchen & Bath Fixtures,http://www.amazon.com/Kitchen-and-Bath-Fixtures/b/ref=sd_allcat_kbf/185-2659415-1292738?ie=UTF8&node=3754161
62,amazon,Bedding & Bath,http://www.amazon.com/bedding-bath-sheets-towels/b/ref=sd_allcat_bb/185-2659415-1292738?ie=UTF8&node=1057792
62,overstock,Bedding & Bath,http://www.overstock.com/Bedding-Bath/43/store.html
62,wayfair,Bed & Bath,http://www.wayfair.com/Bed-and-Bath-C215329.html
62,amazon,Kitchen & Dining,http://www.amazon.com/kitchen-dining-small-appliances-cookware/b/ref=sd_allcat_ki/185-2659415-1292738?ie=UTF8&node=284507
62,wayfair,Kitchen,http://www.wayfair.com/Kitchen-C45667.html
63,amazon,Lamps & Light Fixtures,http://www.amazon.com/lighting-and-ceiling-fans/b/ref=sd_allcat_llf/185-2659415-1292738?ie=UTF8&node=495224
63,wayfair,Lighting,http://www.wayfair.com/Lighting-C215735.html
63,amazon,Kitchen & Bath Fixtures,http://www.amazon.com/Kitchen-and-Bath-Fixtures/b/ref=sd_allcat_kbf/185-2659415-1292738?ie=UTF8&node=3754161
